# Blender 4.0.1
# www.blender.org
mtllib water_bottle.mtl
o Bottle
v -0.006638 0.012297 0.103175
v -0.001932 0.011361 0.103175
v 0.002057 0.008695 0.103175
v 0.004723 0.004706 0.103175
v 0.005659 -0.000000 0.103175
v 0.004723 -0.004706 0.103175
v 0.002057 -0.008695 0.103175
v -0.001932 -0.011361 0.103175
v -0.006638 -0.012297 0.103175
v -0.011344 -0.011361 0.103175
v -0.015333 -0.008695 0.103175
v -0.017998 -0.004706 0.103175
v -0.018934 -0.000000 0.103175
v -0.017998 0.004706 0.103175
v -0.015333 0.008695 0.103175
v -0.011344 0.011361 0.103175
v -0.006638 0.012297 0.097778
v -0.001932 0.011361 0.097778
v 0.002057 0.008695 0.097778
v 0.004723 0.004706 0.097778
v 0.005659 -0.000000 0.097778
v 0.004723 -0.004706 0.097778
v 0.002057 -0.008695 0.097778
v -0.001932 -0.011361 0.097778
v -0.006638 -0.012297 0.097778
v -0.011344 -0.011361 0.097778
v -0.015333 -0.008695 0.097778
v -0.017998 -0.004706 0.097778
v -0.018934 -0.000000 0.097778
v -0.017998 0.004706 0.097778
v -0.015333 0.008695 0.097778
v -0.011344 0.011361 0.097778
v -0.006532 0.024672 0.084426
v 0.002910 0.022794 0.084426
v 0.010914 0.017446 0.084426
v 0.016262 0.009442 0.084426
v 0.018141 -0.000000 0.084426
v 0.016262 -0.009442 0.084426
v 0.010914 -0.017446 0.084426
v 0.002910 -0.022794 0.084426
v -0.006532 -0.024672 0.084426
v -0.015973 -0.022794 0.084426
v -0.023978 -0.017446 0.084426
v -0.029326 -0.009442 0.084426
v -0.031204 -0.000000 0.084426
v -0.029326 0.009442 0.084426
v -0.023978 0.017446 0.084426
v -0.015973 0.022794 0.084426
v -0.006532 0.032048 0.070437
v 0.005733 0.029609 0.070437
v 0.016130 0.022661 0.070437
v 0.023077 0.012264 0.070437
v 0.025516 -0.000000 0.070437
v 0.023077 -0.012264 0.070437
v 0.016130 -0.022661 0.070437
v 0.005733 -0.029609 0.070437
v -0.006532 -0.032048 0.070437
v -0.018796 -0.029609 0.070437
v -0.029193 -0.022661 0.070437
v -0.036140 -0.012264 0.070437
v -0.038580 -0.000000 0.070437
v -0.036140 0.012264 0.070437
v -0.029193 0.022661 0.070437
v -0.018796 0.029609 0.070437
v -0.006956 0.034534 0.064184
v 0.006260 0.031906 0.064184
v 0.017464 0.024419 0.064184
v 0.024950 0.013216 0.064184
v 0.027579 -0.000000 0.064184
v 0.024950 -0.013216 0.064184
v 0.017464 -0.024420 0.064184
v 0.006260 -0.031906 0.064184
v -0.006956 -0.034534 0.064184
v -0.020171 -0.031906 0.064184
v -0.031375 -0.024420 0.064184
v -0.038861 -0.013216 0.064184
v -0.041490 -0.000000 0.064184
v -0.038861 0.013216 0.064184
v -0.031375 0.024419 0.064184
v -0.020171 0.031906 0.064184
v -0.006956 0.034534 0.053375
v 0.006260 0.031906 0.053375
v 0.017464 0.024420 0.053375
v 0.024950 0.013216 0.053375
v 0.027579 -0.000000 0.053375
v 0.024950 -0.013216 0.053375
v 0.017464 -0.024420 0.053375
v 0.006260 -0.031906 0.053375
v -0.006956 -0.034534 0.053375
v -0.020171 -0.031906 0.053375
v -0.031375 -0.024420 0.053375
v -0.038861 -0.013216 0.053375
v -0.041490 -0.000000 0.053375
v -0.038861 0.013216 0.053375
v -0.031375 0.024420 0.053375
v -0.020171 0.031906 0.053375
v -0.006934 0.034016 0.049665
v 0.006083 0.031427 0.049665
v 0.017119 0.024053 0.049665
v 0.024492 0.013017 0.049665
v 0.027082 -0.000000 0.049665
v 0.024492 -0.013017 0.049665
v 0.017119 -0.024053 0.049665
v 0.006083 -0.031427 0.049665
v -0.006934 -0.034016 0.049665
v -0.019952 -0.031427 0.049665
v -0.030987 -0.024053 0.049665
v -0.038361 -0.013017 0.049665
v -0.040951 -0.000000 0.049665
v -0.038361 0.013017 0.049665
v -0.030987 0.024053 0.049665
v -0.019952 0.031427 0.049665
v -0.006934 0.034016 0.004265
v 0.006083 0.031427 0.004265
v 0.017119 0.024053 0.004265
v 0.024492 0.013017 0.004265
v 0.027082 -0.000000 0.004265
v 0.024492 -0.013017 0.004265
v 0.017119 -0.024053 0.004265
v 0.006083 -0.031427 0.004265
v -0.006934 -0.034016 0.004265
v -0.019952 -0.031427 0.004265
v -0.030987 -0.024053 0.004265
v -0.038361 -0.013017 0.004265
v -0.040951 -0.000000 0.004265
v -0.038361 0.013017 0.004265
v -0.030987 0.024053 0.004265
v -0.019952 0.031427 0.004265
v -0.006934 0.034462 0.000832
v 0.006254 0.031839 0.000832
v 0.017434 0.024369 0.000832
v 0.024905 0.013188 0.000832
v 0.027528 -0.000000 0.000832
v 0.024905 -0.013188 0.000832
v 0.017434 -0.024369 0.000832
v 0.006254 -0.031839 0.000832
v -0.006934 -0.034463 0.000832
v -0.020123 -0.031839 0.000832
v -0.031303 -0.024369 0.000832
v -0.038774 -0.013188 0.000832
v -0.041397 -0.000000 0.000832
v -0.038774 0.013188 0.000832
v -0.031303 0.024369 0.000832
v -0.020123 0.031839 0.000832
v -0.006934 0.034462 -0.017226
v 0.006254 0.031839 -0.017226
v 0.017434 0.024369 -0.017226
v 0.024905 0.013188 -0.017226
v 0.027528 -0.000000 -0.017226
v 0.024905 -0.013188 -0.017226
v 0.017434 -0.024369 -0.017226
v 0.006254 -0.031839 -0.017226
v -0.006934 -0.034463 -0.017226
v -0.020123 -0.031839 -0.017226
v -0.031303 -0.024369 -0.017226
v -0.038774 -0.013188 -0.017226
v -0.041397 -0.000000 -0.017226
v -0.038774 0.013188 -0.017226
v -0.031303 0.024369 -0.017226
v -0.020123 0.031839 -0.017226
v -0.006934 0.033132 -0.021042
v 0.005745 0.030610 -0.021042
v 0.016494 0.023428 -0.021042
v 0.023676 0.012679 -0.021042
v 0.026198 -0.000000 -0.021042
v 0.023676 -0.012679 -0.021042
v 0.016494 -0.023428 -0.021042
v 0.005745 -0.030610 -0.021042
v -0.006934 -0.033133 -0.021042
v -0.019614 -0.030610 -0.021042
v -0.030363 -0.023428 -0.021042
v -0.037545 -0.012679 -0.021042
v -0.040067 -0.000000 -0.021042
v -0.037545 0.012679 -0.021042
v -0.030363 0.023428 -0.021042
v -0.019614 0.030610 -0.021042
v -0.006934 0.033591 -0.024348
v 0.005920 0.031034 -0.024348
v 0.016818 0.023752 -0.024348
v 0.024099 0.012855 -0.024348
v 0.026656 -0.000000 -0.024348
v 0.024099 -0.012855 -0.024348
v 0.016818 -0.023752 -0.024348
v 0.005920 -0.031034 -0.024348
v -0.006934 -0.033591 -0.024348
v -0.019789 -0.031034 -0.024348
v -0.030687 -0.023752 -0.024348
v -0.037968 -0.012855 -0.024348
v -0.040525 -0.000000 -0.024348
v -0.037968 0.012855 -0.024348
v -0.030687 0.023752 -0.024348
v -0.019789 0.031034 -0.024348
v -0.006934 0.032789 -0.029944
v 0.005613 0.030293 -0.029944
v 0.016251 0.023186 -0.029944
v 0.023359 0.012548 -0.029944
v 0.025855 -0.000000 -0.029944
v 0.023359 -0.012548 -0.029944
v 0.016251 -0.023186 -0.029944
v 0.005613 -0.030293 -0.029944
v -0.006934 -0.032789 -0.029944
v -0.019482 -0.030293 -0.029944
v -0.030120 -0.023186 -0.029944
v -0.037228 -0.012548 -0.029944
v -0.039724 -0.000000 -0.029944
v -0.037228 0.012548 -0.029944
v -0.030120 0.023186 -0.029944
v -0.019482 0.030293 -0.029944
v -0.006934 0.031373 -0.035242
v 0.005072 0.028985 -0.035242
v 0.015250 0.022184 -0.035242
v 0.022050 0.012006 -0.035242
v 0.024439 -0.000000 -0.035242
v 0.022050 -0.012006 -0.035242
v 0.015250 -0.022184 -0.035242
v 0.005072 -0.028985 -0.035242
v -0.006934 -0.031373 -0.035242
v -0.018940 -0.028985 -0.035242
v -0.029119 -0.022184 -0.035242
v -0.035919 -0.012006 -0.035242
v -0.038308 -0.000000 -0.035242
v -0.035919 0.012006 -0.035242
v -0.029119 0.022184 -0.035242
v -0.018940 0.028985 -0.035242
v -0.006934 0.030134 -0.036567
v 0.004597 0.027840 -0.036567
v 0.014374 0.021308 -0.036567
v 0.020906 0.011532 -0.036567
v 0.023200 -0.000000 -0.036567
v 0.020906 -0.011532 -0.036567
v 0.014374 -0.021308 -0.036567
v 0.004597 -0.027840 -0.036567
v -0.006934 -0.030134 -0.036567
v -0.018466 -0.027840 -0.036567
v -0.028242 -0.021308 -0.036567
v -0.034775 -0.011532 -0.036567
v -0.037069 -0.000000 -0.036567
v -0.034775 0.011532 -0.036567
v -0.028242 0.021308 -0.036567
v -0.018466 0.027840 -0.036567
v -0.006934 0.030134 -0.037082
v 0.004597 0.027840 -0.037082
v 0.014374 0.021308 -0.037082
v 0.020906 0.011532 -0.037082
v 0.023200 -0.000000 -0.037082
v 0.020906 -0.011532 -0.037082
v 0.014374 -0.021308 -0.037082
v 0.004597 -0.027840 -0.037082
v -0.006934 -0.030134 -0.037082
v -0.018466 -0.027840 -0.037082
v -0.028242 -0.021308 -0.037082
v -0.034775 -0.011532 -0.037082
v -0.037069 -0.000000 -0.037082
v -0.034775 0.011532 -0.037082
v -0.028242 0.021308 -0.037082
v -0.018466 0.027840 -0.037082
v -0.007008 0.031424 -0.038701
v 0.005018 0.029032 -0.038701
v 0.015212 0.022220 -0.038701
v 0.022024 0.012026 -0.038701
v 0.024416 -0.000000 -0.038701
v 0.022024 -0.012026 -0.038701
v 0.015212 -0.022220 -0.038701
v 0.005018 -0.029032 -0.038701
v -0.007008 -0.031424 -0.038701
v -0.019034 -0.029032 -0.038701
v -0.029228 -0.022220 -0.038701
v -0.036040 -0.012026 -0.038701
v -0.038432 -0.000000 -0.038701
v -0.036040 0.012026 -0.038701
v -0.029228 0.022220 -0.038701
v -0.019034 0.029032 -0.038701
v -0.006787 0.031905 -0.048710
v 0.005422 0.029477 -0.048710
v 0.015773 0.022560 -0.048710
v 0.022689 0.012210 -0.048710
v 0.025118 -0.000000 -0.048710
v 0.022689 -0.012210 -0.048710
v 0.015773 -0.022560 -0.048710
v 0.005422 -0.029477 -0.048710
v -0.006787 -0.031905 -0.048710
v -0.018997 -0.029477 -0.048710
v -0.029348 -0.022560 -0.048710
v -0.036264 -0.012210 -0.048710
v -0.038693 -0.000000 -0.048710
v -0.036264 0.012210 -0.048710
v -0.029348 0.022560 -0.048710
v -0.018997 0.029477 -0.048710
v -0.007082 0.032091 -0.052979
v 0.005199 0.029648 -0.052979
v 0.015610 0.022692 -0.052979
v 0.022567 0.012281 -0.052979
v 0.025009 -0.000000 -0.052979
v 0.022567 -0.012281 -0.052979
v 0.015610 -0.022692 -0.052979
v 0.005199 -0.029648 -0.052979
v -0.007082 -0.032091 -0.052979
v -0.019362 -0.029648 -0.052979
v -0.029773 -0.022692 -0.052979
v -0.036730 -0.012281 -0.052979
v -0.039173 -0.000000 -0.052979
v -0.036730 0.012281 -0.052979
v -0.029773 0.022692 -0.052979
v -0.019362 0.029648 -0.052979
v -0.007082 0.033757 -0.065490
v 0.005837 0.031187 -0.065490
v 0.016788 0.023870 -0.065490
v 0.024106 0.012918 -0.065490
v 0.026675 -0.000000 -0.065490
v 0.024106 -0.012918 -0.065490
v 0.016788 -0.023870 -0.065490
v 0.005837 -0.031187 -0.065490
v -0.007082 -0.033757 -0.065490
v -0.020000 -0.031187 -0.065490
v -0.030951 -0.023870 -0.065490
v -0.038269 -0.012918 -0.065490
v -0.040838 -0.000000 -0.065490
v -0.038269 0.012918 -0.065490
v -0.030951 0.023870 -0.065490
v -0.020000 0.031187 -0.065490
v -0.007082 0.034072 -0.069979
v 0.005957 0.031478 -0.069979
v 0.017011 0.024092 -0.069979
v 0.024397 0.013039 -0.069979
v 0.026990 -0.000000 -0.069979
v 0.024397 -0.013039 -0.069979
v 0.017011 -0.024093 -0.069979
v 0.005957 -0.031478 -0.069979
v -0.007082 -0.034072 -0.069979
v -0.020120 -0.031478 -0.069979
v -0.031174 -0.024093 -0.069979
v -0.038560 -0.013039 -0.069979
v -0.041154 -0.000000 -0.069979
v -0.038560 0.013039 -0.069979
v -0.031174 0.024092 -0.069979
v -0.020120 0.031478 -0.069979
v -0.007082 0.034712 -0.079178
v 0.006202 0.032070 -0.079178
v 0.017464 0.024545 -0.079178
v 0.024988 0.013284 -0.079178
v 0.027631 -0.000000 -0.079178
v 0.024988 -0.013284 -0.079178
v 0.017464 -0.024545 -0.079178
v 0.006202 -0.032070 -0.079178
v -0.007082 -0.034712 -0.079178
v -0.020365 -0.032070 -0.079178
v -0.031627 -0.024545 -0.079178
v -0.039152 -0.013284 -0.079178
v -0.041794 -0.000000 -0.079178
v -0.039152 0.013284 -0.079178
v -0.031627 0.024545 -0.079178
v -0.020365 0.032070 -0.079178
v -0.007082 0.034876 -0.084256
v 0.006265 0.032221 -0.084256
v 0.017580 0.024661 -0.084256
v 0.025140 0.013346 -0.084256
v 0.027794 -0.000000 -0.084256
v 0.025140 -0.013347 -0.084256
v 0.017580 -0.024661 -0.084256
v 0.006265 -0.032221 -0.084256
v -0.007082 -0.034876 -0.084256
v -0.020428 -0.032221 -0.084256
v -0.031743 -0.024661 -0.084256
v -0.039303 -0.013347 -0.084256
v -0.041958 -0.000000 -0.084256
v -0.039303 0.013346 -0.084256
v -0.031743 0.024661 -0.084256
v -0.020428 0.032221 -0.084256
v -0.007082 0.034179 -0.092352
v 0.005998 0.031577 -0.092352
v 0.017086 0.024168 -0.092352
v 0.024495 0.013080 -0.092352
v 0.027097 -0.000000 -0.092352
v 0.024495 -0.013080 -0.092352
v 0.017086 -0.024168 -0.092352
v 0.005998 -0.031577 -0.092352
v -0.007082 -0.034179 -0.092352
v -0.020161 -0.031577 -0.092352
v -0.031250 -0.024168 -0.092352
v -0.038659 -0.013080 -0.092352
v -0.041260 -0.000000 -0.092352
v -0.038659 0.013080 -0.092352
v -0.031250 0.024168 -0.092352
v -0.020161 0.031577 -0.092352
v -0.007082 0.030991 -0.100594
v 0.004778 0.028632 -0.100594
v 0.014832 0.021914 -0.100594
v 0.021550 0.011860 -0.100594
v 0.023909 -0.000000 -0.100594
v 0.021550 -0.011860 -0.100594
v 0.014832 -0.021914 -0.100594
v 0.004778 -0.028632 -0.100594
v -0.007082 -0.030991 -0.100594
v -0.018941 -0.028632 -0.100594
v -0.028996 -0.021914 -0.100594
v -0.035713 -0.011860 -0.100594
v -0.038073 -0.000000 -0.100594
v -0.035713 0.011860 -0.100594
v -0.028996 0.021914 -0.100594
v -0.018941 0.028632 -0.100594
v -0.007082 0.027570 -0.108763
v 0.003469 0.025471 -0.108763
v 0.012413 0.019495 -0.108763
v 0.018389 0.010550 -0.108763
v 0.020488 -0.000000 -0.108763
v 0.018389 -0.010550 -0.108763
v 0.012413 -0.019495 -0.108763
v 0.003469 -0.025471 -0.108763
v -0.007082 -0.027570 -0.108763
v -0.017632 -0.025471 -0.108763
v -0.026576 -0.019495 -0.108763
v -0.032553 -0.010550 -0.108763
v -0.034651 -0.000000 -0.108763
v -0.032553 0.010550 -0.108763
v -0.026576 0.019495 -0.108763
v -0.017632 0.025471 -0.108763
v -0.007082 0.014868 -0.108748
v -0.001392 0.013736 -0.108748
v 0.003432 0.010513 -0.108748
v 0.006655 0.005690 -0.108748
v 0.007786 -0.000000 -0.108748
v 0.006655 -0.005690 -0.108748
v 0.003432 -0.010513 -0.108748
v -0.001392 -0.013736 -0.108748
v -0.007082 -0.014868 -0.108748
v -0.012771 -0.013736 -0.108748
v -0.017595 -0.010513 -0.108748
v -0.020818 -0.005690 -0.108748
v -0.021950 -0.000000 -0.108748
v -0.020818 0.005690 -0.108748
v -0.017595 0.010513 -0.108748
v -0.012771 0.013736 -0.108748
v -0.006995 0.033378 0.050678
v -0.006992 0.033894 0.052826
v -0.007019 0.033192 0.051371
v -0.007018 0.033381 0.052157
v 0.005978 0.031313 0.052824
v 0.005778 0.030837 0.050679
v 0.005756 0.030839 0.052157
v 0.005683 0.030665 0.051371
v 0.016973 0.023965 0.052823
v 0.016606 0.023601 0.050680
v 0.016585 0.023603 0.052156
v 0.016451 0.023470 0.051371
v 0.024319 0.012969 0.052823
v 0.023841 0.012773 0.050680
v 0.023820 0.012774 0.052156
v 0.023645 0.012702 0.051372
v 0.026898 -0.000000 0.052822
v 0.026382 -0.000000 0.050680
v 0.026361 -0.000000 0.052156
v 0.026172 -0.000000 0.051372
v 0.024319 -0.012970 0.052823
v 0.023841 -0.012773 0.050680
v 0.023820 -0.012774 0.052156
v 0.023645 -0.012702 0.051372
v 0.016973 -0.023965 0.052823
v 0.016606 -0.023601 0.050680
v 0.016585 -0.023603 0.052156
v 0.016451 -0.023470 0.051371
v 0.005978 -0.031313 0.052824
v 0.005778 -0.030837 0.050679
v 0.005756 -0.030839 0.052157
v 0.005683 -0.030665 0.051371
v -0.006992 -0.033894 0.052826
v -0.006995 -0.033378 0.050678
v -0.007018 -0.033381 0.052157
v -0.007019 -0.033192 0.051371
v -0.019964 -0.031316 0.052827
v -0.019769 -0.030838 0.050678
v -0.019793 -0.030841 0.052158
v -0.019721 -0.030666 0.051371
v -0.030961 -0.023969 0.052828
v -0.030598 -0.023603 0.050677
v -0.030623 -0.023605 0.052158
v -0.030490 -0.023471 0.051371
v -0.038310 -0.012972 0.052829
v -0.037834 -0.012774 0.050676
v -0.037860 -0.012775 0.052158
v -0.037686 -0.012703 0.051371
v -0.040890 -0.000000 0.052829
v -0.040375 -0.000000 0.050676
v -0.040401 -0.000000 0.052159
v -0.040212 -0.000000 0.051371
v -0.038310 0.012972 0.052829
v -0.037834 0.012774 0.050676
v -0.037860 0.012775 0.052158
v -0.037686 0.012702 0.051371
v -0.030961 0.023969 0.052828
v -0.030598 0.023603 0.050677
v -0.030623 0.023605 0.052158
v -0.030490 0.023471 0.051371
v -0.019964 0.031316 0.052827
v -0.019769 0.030838 0.050678
v -0.019793 0.030841 0.052158
v -0.019721 0.030666 0.051371
v -0.006934 0.032499 0.001482
v -0.006934 0.031966 0.003161
v -0.006934 0.031600 0.001981
v -0.006934 0.031405 0.002596
v 0.005298 0.029533 0.003161
v 0.005502 0.030025 0.001482
v 0.005084 0.029015 0.002596
v 0.005158 0.029195 0.001981
v 0.015669 0.022603 0.003161
v 0.016046 0.022980 0.001482
v 0.015272 0.022207 0.002596
v 0.015410 0.022345 0.001981
v 0.022598 0.012233 0.003161
v 0.023091 0.012437 0.001482
v 0.022080 0.012018 0.002596
v 0.022260 0.012093 0.001981
v 0.025032 -0.000000 0.003161
v 0.025565 -0.000000 0.001482
v 0.024471 -0.000000 0.002596
v 0.024666 -0.000000 0.001981
v 0.022598 -0.012233 0.003161
v 0.023091 -0.012437 0.001482
v 0.022080 -0.012018 0.002596
v 0.022260 -0.012093 0.001981
v 0.015669 -0.022604 0.003161
v 0.016046 -0.022980 0.001482
v 0.015272 -0.022207 0.002596
v 0.015410 -0.022345 0.001981
v 0.005298 -0.029533 0.003161
v 0.005502 -0.030025 0.001482
v 0.005084 -0.029015 0.002596
v 0.005158 -0.029195 0.001981
v -0.006934 -0.031966 0.003161
v -0.006934 -0.032499 0.001482
v -0.006934 -0.031405 0.002596
v -0.006934 -0.031600 0.001981
v -0.019167 -0.029533 0.003161
v -0.019371 -0.030025 0.001482
v -0.018953 -0.029015 0.002596
v -0.019027 -0.029195 0.001981
v -0.029538 -0.022604 0.003161
v -0.029915 -0.022980 0.001482
v -0.029141 -0.022207 0.002596
v -0.029279 -0.022345 0.001981
v -0.036467 -0.012233 0.003161
v -0.036960 -0.012437 0.001482
v -0.035949 -0.012018 0.002596
v -0.036129 -0.012093 0.001981
v -0.038901 -0.000000 0.003161
v -0.039434 -0.000000 0.001482
v -0.038340 -0.000000 0.002596
v -0.038535 -0.000000 0.001981
v -0.036467 0.012233 0.003161
v -0.036960 0.012437 0.001482
v -0.035949 0.012018 0.002596
v -0.036129 0.012093 0.001981
v -0.029538 0.022603 0.003161
v -0.029915 0.022980 0.001482
v -0.029141 0.022207 0.002596
v -0.029279 0.022345 0.001981
v -0.019167 0.029533 0.003161
v -0.019371 0.030025 0.001482
v -0.018953 0.029015 0.002596
v -0.019027 0.029195 0.001981
v -0.006934 0.032328 -0.023485
v -0.006934 0.032031 -0.022365
v 0.005323 0.029593 -0.022365
v 0.005437 0.029868 -0.023485
v 0.015715 0.022649 -0.022365
v 0.015925 0.022860 -0.023485
v 0.022658 0.012258 -0.022365
v 0.022933 0.012372 -0.023485
v 0.025097 -0.000000 -0.022365
v 0.025394 -0.000000 -0.023485
v 0.022658 -0.012258 -0.022365
v 0.022933 -0.012372 -0.023485
v 0.015715 -0.022649 -0.022365
v 0.015925 -0.022860 -0.023485
v 0.005323 -0.029593 -0.022365
v 0.005437 -0.029868 -0.023485
v -0.006934 -0.032031 -0.022365
v -0.006934 -0.032328 -0.023485
v -0.019192 -0.029593 -0.022365
v -0.019306 -0.029868 -0.023485
v -0.029584 -0.022649 -0.022365
v -0.029794 -0.022860 -0.023485
v -0.036527 -0.012258 -0.022365
v -0.036802 -0.012372 -0.023485
v -0.038966 -0.000000 -0.022365
v -0.039263 -0.000000 -0.023485
v -0.036527 0.012258 -0.022365
v -0.036802 0.012372 -0.023485
v -0.029584 0.022649 -0.022365
v -0.029794 0.022860 -0.023485
v -0.019192 0.029593 -0.022365
v -0.019306 0.029868 -0.023485
v -0.007082 0.030903 -0.051344
v -0.007036 0.030844 -0.050634
v 0.004768 0.028496 -0.050634
v 0.004744 0.028551 -0.051344
v 0.014774 0.021810 -0.050635
v 0.014770 0.021852 -0.051344
v 0.021460 0.011803 -0.050635
v 0.021469 0.011826 -0.051344
v 0.023808 -0.000000 -0.050635
v 0.023821 -0.000000 -0.051344
v 0.021460 -0.011803 -0.050635
v 0.021469 -0.011826 -0.051344
v 0.014774 -0.021810 -0.050635
v 0.014770 -0.021852 -0.051344
v 0.004768 -0.028496 -0.050634
v 0.004744 -0.028551 -0.051344
v -0.007036 -0.030844 -0.050634
v -0.007082 -0.030903 -0.051344
v -0.018839 -0.028496 -0.050633
v -0.018908 -0.028551 -0.051344
v -0.028846 -0.021810 -0.050633
v -0.028933 -0.021852 -0.051344
v -0.035532 -0.011804 -0.050633
v -0.035632 -0.011826 -0.051344
v -0.037880 -0.000000 -0.050633
v -0.037985 -0.000000 -0.051344
v -0.035532 0.011804 -0.050633
v -0.035632 0.011826 -0.051344
v -0.028846 0.021810 -0.050633
v -0.028933 0.021852 -0.051344
v -0.018839 0.028496 -0.050633
v -0.018908 0.028551 -0.051344
v -0.007082 0.033062 -0.067323
v -0.007082 0.033127 -0.066604
v 0.005595 0.030605 -0.066604
v 0.005571 0.030545 -0.067323
v 0.016342 0.023424 -0.066604
v 0.016297 0.023378 -0.067323
v 0.023523 0.012677 -0.066604
v 0.023464 0.012652 -0.067323
v 0.026045 -0.000000 -0.066604
v 0.025981 -0.000000 -0.067323
v 0.023523 -0.012677 -0.066604
v 0.023464 -0.012652 -0.067323
v 0.016342 -0.023424 -0.066604
v 0.016297 -0.023379 -0.067323
v 0.005595 -0.030605 -0.066604
v 0.005571 -0.030546 -0.067323
v -0.007082 -0.033127 -0.066604
v -0.007082 -0.033062 -0.067323
v -0.019759 -0.030605 -0.066604
v -0.019734 -0.030546 -0.067323
v -0.030506 -0.023424 -0.066604
v -0.030460 -0.023379 -0.067323
v -0.037687 -0.012677 -0.066604
v -0.037627 -0.012652 -0.067323
v -0.040208 -0.000000 -0.066604
v -0.040144 -0.000000 -0.067323
v -0.037687 0.012677 -0.066604
v -0.037627 0.012652 -0.067323
v -0.030506 0.023424 -0.066604
v -0.030460 0.023378 -0.067323
v -0.019759 0.030605 -0.066604
v -0.019734 0.030545 -0.067323
v -0.007082 0.033621 -0.082111
v -0.007082 0.033593 -0.081395
v 0.005774 0.031036 -0.081395
v 0.005785 0.031062 -0.082111
v 0.016672 0.023754 -0.081395
v 0.016692 0.023774 -0.082111
v 0.023955 0.012856 -0.081395
v 0.023980 0.012866 -0.082111
v 0.026512 -0.000000 -0.081395
v 0.026539 -0.000000 -0.082111
v 0.023955 -0.012856 -0.081395
v 0.023980 -0.012866 -0.082111
v 0.016672 -0.023754 -0.081395
v 0.016692 -0.023774 -0.082111
v 0.005774 -0.031036 -0.081395
v 0.005785 -0.031062 -0.082111
v -0.007082 -0.033593 -0.081395
v -0.007082 -0.033621 -0.082111
v -0.019937 -0.031036 -0.081395
v -0.019948 -0.031062 -0.082111
v -0.030836 -0.023754 -0.081395
v -0.030855 -0.023774 -0.082111
v -0.038118 -0.012856 -0.081395
v -0.038143 -0.012866 -0.082111
v -0.040675 -0.000000 -0.081395
v -0.040703 -0.000000 -0.082111
v -0.038118 0.012856 -0.081395
v -0.038143 0.012866 -0.082111
v -0.030836 0.023754 -0.081395
v -0.030855 0.023774 -0.082111
v -0.019937 0.031036 -0.081395
v -0.019948 0.031062 -0.082111
vn 0.1951 0.9808 -0.0000
vn 0.6132 -0.4098 0.6753
vn 0.6133 -0.4098 0.6753
vn -0.1951 0.9808 -0.0000
vn -0.1951 -0.9808 -0.0000
vn 0.5556 0.8315 -0.0000
vn -0.5556 -0.8315 -0.0000
vn 0.8315 0.5556 -0.0000
vn -0.8315 -0.5556 -0.0000
vn 0.9808 0.1951 -0.0000
vn -0.9808 -0.1951 -0.0000
vn 0.9808 -0.1951 -0.0000
vn -0.9808 0.1951 -0.0000
vn 0.8315 -0.5556 -0.0000
vn -0.8315 0.5556 -0.0000
vn 0.5556 -0.8315 -0.0000
vn -0.5556 0.8315 -0.0000
vn 0.1951 -0.9808 -0.0000
vn -0.7386 -0.4935 0.4594
vn -0.6173 0.4125 0.6699
vn 0.4102 -0.6139 0.6744
vn -0.4120 0.6166 0.6708
vn 0.1443 -0.7252 0.6733
vn 0.1442 -0.7252 0.6733
vn 0.1442 0.7252 0.6733
vn -0.1445 0.7263 0.6720
vn -0.1445 -0.7263 0.6720
vn 0.4102 0.6139 0.6744
vn -0.4120 -0.6166 0.6708
vn 0.6133 0.4098 0.6753
vn -0.6173 -0.4125 0.6699
vn 0.7230 0.1438 0.6758
vn -0.7286 -0.1449 0.6695
vn 0.7230 -0.1438 0.6758
vn -0.7286 0.1449 0.6695
vn 0.1826 0.9178 0.3526
vn 0.8712 0.1733 0.4594
vn -0.8712 -0.1733 0.4594
vn 0.8712 -0.1733 0.4594
vn 0.8712 -0.1733 0.4593
vn -0.8712 0.1733 0.4594
vn 0.7386 -0.4935 0.4594
vn -0.7386 0.4935 0.4594
vn 0.4935 -0.7386 0.4594
vn -0.4935 0.7386 0.4594
vn 0.1733 -0.8712 0.4593
vn 0.1733 0.8712 0.4593
vn -0.1733 0.8712 0.4594
vn -0.1733 0.8712 0.4593
vn -0.1733 -0.8712 0.4593
vn 0.4935 0.7386 0.4594
vn -0.4935 -0.7386 0.4594
vn 0.7386 0.4935 0.4594
vn -0.1809 0.9096 0.3740
vn -0.1809 -0.9096 0.3740
vn 0.5240 0.7842 0.3323
vn -0.5108 -0.7645 0.3932
vn 0.7887 0.5270 0.3165
vn -0.7593 -0.5073 0.4076
vn 0.9332 0.1856 0.3078
vn -0.8922 -0.1775 0.4153
vn 0.9332 -0.1856 0.3078
vn -0.8922 0.1775 0.4153
vn 0.7887 -0.5270 0.3165
vn -0.7593 0.5073 0.4076
vn 0.5240 -0.7842 0.3323
vn -0.5108 0.7645 0.3932
vn 0.1826 -0.9178 0.3526
vn -0.8561 -0.1703 0.4879
vn 0.4656 0.6968 0.5456
vn 0.8123 -0.1616 0.5604
vn -0.8561 0.1703 0.4879
vn 0.6915 -0.4621 0.5552
vn 0.6915 -0.4621 0.5553
vn -0.7230 0.4831 0.4938
vn 0.4656 -0.6968 0.5456
vn -0.4797 0.7179 0.5046
vn 0.1651 -0.8300 0.5327
vn 0.0624 0.3138 0.9474
vn -0.1668 -0.8388 0.5183
vn -0.1668 0.8388 0.5183
vn 0.1276 0.6415 -0.7565
vn 0.1276 0.6415 -0.7564
vn -0.4797 -0.7179 0.5046
vn 0.6915 0.4621 0.5553
vn -0.7230 -0.4831 0.4938
vn 0.8123 0.1616 0.5604
vn -0.1293 -0.6498 -0.7490
vn 0.3591 0.5374 -0.7630
vn -0.3725 -0.5575 -0.7419
vn 0.5326 0.3559 -0.7679
vn 0.5326 0.3558 -0.7680
vn -0.5626 -0.3759 -0.7363
vn 0.6251 0.1243 -0.7706
vn 0.6251 0.1243 -0.7705
vn -0.6670 -0.1327 -0.7332
vn 0.6251 -0.1243 -0.7706
vn 0.6251 -0.1243 -0.7705
vn -0.6670 0.1327 -0.7332
vn 0.5325 -0.3558 -0.7680
vn -0.5626 0.3759 -0.7363
vn 0.3591 -0.5374 -0.7630
vn 0.3591 -0.5374 -0.7631
vn -0.3725 0.5575 -0.7419
vn 0.1276 -0.6415 -0.7565
vn 0.1276 -0.6415 -0.7564
vn -0.1293 0.6498 -0.7490
vn 0.2660 -0.1777 0.9474
vn -0.2660 -0.1777 0.9474
vn -0.2660 0.1777 0.9474
vn 0.1777 -0.2660 0.9474
vn -0.1777 0.2660 0.9474
vn 0.0624 -0.3138 0.9474
vn -0.0624 -0.3138 0.9474
vn -0.0624 0.3138 0.9474
vn 0.0939 0.4721 -0.8765
vn -0.2674 -0.4002 -0.8765
vn 0.2660 0.1777 0.9474
vn -0.1777 -0.2660 0.9474
vn 0.3138 0.0624 0.9474
vn -0.3138 -0.0624 0.9474
vn 0.3138 -0.0624 0.9474
vn -0.3138 0.0624 0.9474
vn 0.4002 0.2674 -0.8765
vn -0.4002 -0.2674 -0.8765
vn 0.4721 0.0939 -0.8765
vn -0.4721 -0.0939 -0.8765
vn 0.4721 -0.0939 -0.8765
vn -0.4721 0.0939 -0.8765
vn 0.4002 -0.2674 -0.8765
vn -0.4002 0.2674 -0.8765
vn 0.2674 -0.4002 -0.8765
vn -0.2674 0.4002 -0.8765
vn 0.0939 -0.4721 -0.8765
vn -0.0939 0.4721 -0.8765
vn 0.1777 0.2660 0.9474
vn -0.0939 -0.4721 -0.8765
vn 0.2674 0.4002 -0.8765
vn -0.5257 0.7868 -0.3235
vn -0.4755 0.3177 0.8203
vn 0.1846 -0.9280 -0.3235
vn 0.1846 0.9280 -0.3235
vn -0.1846 0.9280 -0.3235
vn -0.1846 -0.9280 -0.3235
vn 0.5257 0.7868 -0.3235
vn -0.5257 -0.7868 -0.3235
vn -0.5257 -0.7867 -0.3235
vn 0.7868 0.5257 -0.3235
vn -0.7868 -0.5257 -0.3235
vn 0.9280 0.1846 -0.3235
vn -0.9280 -0.1846 -0.3235
vn 0.9280 -0.1846 -0.3235
vn -0.9280 0.1846 -0.3235
vn 0.7868 -0.5257 -0.3235
vn -0.7868 0.5257 -0.3235
vn -0.7867 0.5257 -0.3235
vn 0.5257 -0.7868 -0.3235
vn -0.4755 -0.3177 0.8203
vn 0.3177 -0.4755 0.8203
vn -0.3177 0.4755 0.8203
vn 0.1116 -0.5609 0.8203
vn -0.1116 -0.5609 0.8203
vn -0.1116 0.5609 0.8203
vn 0.1511 0.7598 -0.6324
vn -0.4304 -0.6441 -0.6324
vn 0.4755 0.3177 0.8203
vn -0.3177 -0.4755 0.8203
vn 0.5609 0.1116 0.8203
vn -0.5609 -0.1116 0.8203
vn 0.5609 -0.1116 0.8203
vn -0.5609 0.1116 0.8203
vn 0.4755 -0.3177 0.8203
vn -0.5502 0.8234 -0.1391
vn 0.6441 0.4304 -0.6324
vn -0.6441 -0.4304 -0.6324
vn 0.7598 0.1511 -0.6324
vn -0.7598 -0.1511 -0.6324
vn 0.7598 -0.1511 -0.6324
vn -0.7598 0.1511 -0.6324
vn 0.6441 -0.4304 -0.6324
vn -0.6441 0.4304 -0.6324
vn 0.4304 -0.6441 -0.6324
vn -0.4304 0.6441 -0.6324
vn 0.1511 -0.7598 -0.6324
vn -0.1511 0.7598 -0.6324
vn 0.3177 0.4755 0.8203
vn -0.1511 -0.7598 -0.6324
vn 0.4304 0.6441 -0.6324
vn -0.5374 -0.8043 -0.2536
vn 0.1932 -0.9713 -0.1391
vn 0.1932 0.9712 -0.1391
vn 0.1932 0.9713 -0.1391
vn -0.1932 0.9713 -0.1391
vn -0.1932 -0.9713 -0.1391
vn 0.5502 0.8234 -0.1391
vn -0.5502 -0.8234 -0.1391
vn 0.8234 0.5502 -0.1391
vn -0.8234 -0.5502 -0.1391
vn 0.9713 0.1932 -0.1391
vn -0.9713 -0.1932 -0.1391
vn 0.9713 -0.1932 -0.1391
vn -0.9713 0.1932 -0.1391
vn 0.8234 -0.5502 -0.1391
vn -0.8234 0.5502 -0.1391
vn 0.5502 -0.8234 -0.1391
vn -0.4094 0.6127 -0.6760
vn 0.8043 0.5374 -0.2536
vn -0.8043 -0.5374 -0.2536
vn 0.9487 0.1887 -0.2536
vn -0.9487 -0.1887 -0.2536
vn 0.9487 -0.1887 -0.2536
vn -0.9487 0.1887 -0.2536
vn 0.8043 -0.5374 -0.2536
vn -0.8043 0.5374 -0.2536
vn 0.5374 -0.8043 -0.2536
vn -0.5374 0.8043 -0.2536
vn 0.1887 -0.9487 -0.2536
vn 0.1887 0.9487 -0.2536
vn -0.1887 0.9487 -0.2536
vn -0.1887 -0.9487 -0.2536
vn 0.5374 0.8043 -0.2536
vn 0.1438 -0.7228 -0.6760
vn 0.1438 -0.7227 -0.6760
vn 0.1438 0.7227 -0.6760
vn 0.1438 0.7228 -0.6760
vn -0.1438 0.7227 -0.6760
vn -0.1438 -0.7227 -0.6760
vn -0.1438 -0.7228 -0.6760
vn 0.4094 0.6127 -0.6760
vn -0.4094 -0.6127 -0.6760
vn 0.6127 0.4094 -0.6760
vn -0.6127 -0.4094 -0.6760
vn 0.7227 0.1438 -0.6760
vn 0.7228 0.1438 -0.6760
vn -0.7228 -0.1438 -0.6760
vn 0.7228 -0.1438 -0.6760
vn 0.7227 -0.1438 -0.6760
vn -0.7228 0.1438 -0.6760
vn 0.6127 -0.4094 -0.6760
vn -0.6127 0.4094 -0.6760
vn 0.4094 -0.6127 -0.6760
vn -0.4324 -0.6471 0.6280
vn -0.5552 0.8310 0.0348
vn 0.6671 0.4458 0.5969
vn 0.6671 0.4458 0.5968
vn -0.6431 -0.4297 0.6338
vn 0.7895 0.1570 0.5933
vn -0.7561 -0.1504 0.6370
vn -0.7561 -0.1504 0.6369
vn 0.7895 -0.1570 0.5933
vn -0.7561 0.1504 0.6370
vn 0.6671 -0.4458 0.5969
vn 0.6671 -0.4458 0.5968
vn -0.6431 0.4297 0.6338
vn 0.4431 -0.6631 0.6033
vn -0.4324 0.6471 0.6280
vn 0.1544 -0.7761 0.6115
vn 0.1544 -0.7760 0.6115
vn 0.1544 0.7761 0.6115
vn 0.1544 0.7760 0.6115
vn -0.1530 0.7694 0.6202
vn -0.1530 -0.7694 0.6202
vn -0.1530 -0.7694 0.6201
vn 0.4431 0.6631 0.6033
vn -0.6770 0.4524 0.5805
vn 0.1948 -0.9795 0.0514
vn 0.1948 0.9795 0.0514
vn -0.1949 0.9799 0.0428
vn -0.1949 -0.9799 0.0428
vn 0.5546 0.8300 0.0593
vn -0.5552 -0.8310 0.0348
vn 0.8297 0.5544 0.0653
vn -0.8311 -0.5553 0.0288
vn 0.9785 0.1946 0.0686
vn -0.9805 -0.1950 0.0255
vn 0.9785 -0.1946 0.0686
vn -0.9805 0.1950 0.0255
vn 0.8297 -0.5544 0.0653
vn -0.8311 0.5553 0.0288
vn 0.5546 -0.8300 0.0593
vn 0.7986 0.1589 0.5805
vn 0.4524 -0.6770 0.5805
vn 0.4524 -0.6771 0.5805
vn -0.4524 0.6770 0.5805
vn -0.4524 0.6771 0.5805
vn 0.1589 -0.7986 0.5805
vn 0.1828 0.9190 0.3494
vn 0.1828 0.9190 0.3495
vn -0.1589 -0.7986 0.5805
vn -0.1589 0.7986 0.5805
vn 0.1698 0.8535 -0.4927
vn -0.4524 -0.6770 0.5805
vn 0.6977 0.4662 -0.5440
vn -0.6770 -0.4524 0.5805
vn 0.6770 0.4524 0.5805
vn -0.7986 -0.1589 0.5805
vn 0.7986 -0.1589 0.5805
vn -0.7986 0.1589 0.5805
vn 0.6770 -0.4524 0.5805
vn 0.1934 -0.9725 0.1295
vn -0.7628 -0.5097 -0.3979
vn 0.8157 0.1623 -0.5552
vn 0.8157 0.1623 -0.5553
vn -0.9060 -0.1802 -0.3829
vn 0.8157 -0.1623 -0.5552
vn 0.8157 -0.1623 -0.5553
vn -0.9060 0.1802 -0.3829
vn 0.6977 -0.4662 -0.5440
vn -0.7628 0.5097 -0.3979
vn 0.4737 -0.7090 -0.5225
vn -0.5029 0.7527 -0.4249
vn 0.1698 -0.8535 -0.4927
vn -0.1734 0.8716 -0.4585
vn 0.4524 0.6770 0.5805
vn -0.1734 -0.8716 -0.4585
vn 0.4737 0.7090 -0.5225
vn -0.5029 -0.7527 -0.4249
vn -0.7790 0.5205 0.3495
vn -0.7791 0.5205 0.3494
vn 0.1934 0.9725 0.1295
vn -0.1934 0.9725 0.1295
vn -0.1934 -0.9725 0.1295
vn 0.5509 0.8245 0.1295
vn -0.5509 -0.8245 0.1295
vn 0.8245 0.5509 0.1295
vn -0.8245 -0.5509 0.1295
vn 0.9725 0.1934 0.1295
vn -0.9725 -0.1934 0.1295
vn 0.9725 -0.1934 0.1295
vn -0.9725 0.1934 0.1295
vn 0.8245 -0.5509 0.1295
vn -0.8245 0.5509 0.1295
vn 0.5509 -0.8245 0.1295
vn -0.5509 0.8245 0.1295
vn 0.9189 0.1828 0.3495
vn 0.5205 -0.7791 0.3494
vn 0.5205 -0.7790 0.3495
vn -0.5205 0.7791 0.3494
vn -0.5205 0.7790 0.3495
vn 0.1828 -0.9190 0.3495
vn 0.1828 -0.9190 0.3494
vn 0.1692 0.8507 0.4977
vn -0.1828 -0.9190 0.3494
vn -0.1828 -0.9190 0.3495
vn -0.1828 0.9190 0.3494
vn 0.1706 0.8577 -0.4850
vn -0.5205 -0.7790 0.3495
vn -0.5205 -0.7791 0.3494
vn -0.5206 -0.7791 0.3494
vn 0.7271 0.4859 -0.4850
vn -0.7791 -0.5205 0.3494
vn -0.7790 -0.5205 0.3495
vn 0.7790 0.5205 0.3495
vn 0.7791 0.5205 0.3495
vn -0.9190 -0.1828 0.3494
vn -0.9190 -0.1828 0.3495
vn 0.9189 -0.1828 0.3495
vn 0.9190 -0.1828 0.3495
vn -0.9190 0.1828 0.3494
vn -0.9190 0.1828 0.3495
vn 0.7790 -0.5205 0.3495
vn 0.1946 -0.9785 0.0681
vn -0.7271 -0.4859 -0.4850
vn 0.8577 0.1706 -0.4850
vn -0.8577 -0.1706 -0.4850
vn 0.8577 -0.1706 -0.4850
vn -0.8577 0.1706 -0.4850
vn 0.7271 -0.4859 -0.4850
vn -0.7271 0.4859 -0.4850
vn 0.4859 -0.7271 -0.4850
vn -0.4859 0.7271 -0.4850
vn 0.1706 -0.8577 -0.4850
vn -0.1706 0.8577 -0.4850
vn 0.5205 0.7790 0.3495
vn 0.5205 0.7791 0.3494
vn -0.1706 -0.8577 -0.4850
vn 0.4859 0.7271 -0.4850
vn -0.4859 -0.7271 -0.4850
vn -0.7211 0.4819 0.4978
vn -0.7212 0.4819 0.4977
vn 0.1946 0.9785 0.0681
vn -0.1946 0.9785 0.0681
vn -0.1946 -0.9785 0.0681
vn 0.5543 0.8295 0.0681
vn -0.5543 -0.8295 0.0681
vn 0.8295 0.5543 0.0681
vn -0.8295 -0.5543 0.0681
vn 0.9785 0.1946 0.0681
vn -0.9785 -0.1946 0.0681
vn 0.9785 -0.1946 0.0681
vn -0.9785 0.1946 0.0681
vn 0.8295 -0.5543 0.0681
vn -0.8295 0.5543 0.0681
vn 0.5543 -0.8295 0.0681
vn -0.5543 0.8295 0.0681
vn -0.8507 -0.1692 0.4977
vn 0.4819 -0.7212 0.4977
vn 0.4819 -0.7211 0.4978
vn -0.4819 0.7212 0.4977
vn 0.1692 -0.8507 0.4977
vn -0.1692 -0.8507 0.4977
vn -0.1692 0.8507 0.4977
vn 0.1748 0.8790 -0.4437
vn -0.4819 -0.7211 0.4978
vn -0.4819 -0.7212 0.4977
vn 0.7212 0.4819 0.4977
vn -0.7452 -0.4979 -0.4437
vn 0.8507 0.1692 0.4977
vn -0.7211 -0.4819 0.4978
vn -0.7212 -0.4819 0.4977
vn 0.8507 -0.1692 0.4977
vn -0.8507 0.1692 0.4977
vn 0.7212 -0.4819 0.4978
vn 0.7212 -0.4819 0.4977
vn 0.1944 0.9773 -0.0842
vn 0.8790 0.1748 -0.4437
vn -0.8790 -0.1748 -0.4437
vn -0.8790 -0.1748 -0.4436
vn 0.8790 -0.1748 -0.4437
vn -0.8790 0.1748 -0.4437
vn 0.7452 -0.4979 -0.4437
vn 0.7452 -0.4979 -0.4436
vn -0.7452 0.4979 -0.4437
vn -0.7452 0.4979 -0.4436
vn 0.4979 -0.7452 -0.4437
vn -0.4979 0.7452 -0.4437
vn 0.1748 -0.8790 -0.4437
vn -0.1748 0.8790 -0.4437
vn 0.4819 0.7212 0.4977
vn -0.1748 -0.8790 -0.4437
vn 0.4979 0.7452 -0.4437
vn -0.4979 -0.7452 -0.4437
vn 0.7452 0.4979 -0.4437
vn 0.7774 -0.5195 -0.3547
vn 0.7692 -0.5139 -0.3798
vn 0.7692 -0.5140 -0.3798
vn -0.1944 0.9773 -0.0842
vn -0.1944 -0.9773 -0.0842
vn 0.5536 0.8285 -0.0842
vn -0.5536 -0.8285 -0.0842
vn 0.8285 0.5536 -0.0842
vn -0.8285 -0.5536 -0.0842
vn 0.9773 0.1944 -0.0842
vn -0.9773 -0.1944 -0.0842
vn 0.9773 -0.1944 -0.0842
vn -0.9773 0.1944 -0.0842
vn 0.8285 -0.5536 -0.0842
vn -0.8285 0.5536 -0.0842
vn 0.5536 -0.8285 -0.0842
vn -0.5536 0.8285 -0.0842
vn 0.1944 -0.9773 -0.0842
vn -0.7692 -0.5140 -0.3798
vn -0.7691 -0.5139 -0.3800
vn -0.7774 0.5195 -0.3547
vn -0.7692 0.5140 -0.3798
vn 0.5195 -0.7774 -0.3547
vn 0.5139 -0.7692 -0.3798
vn -0.5195 0.7774 -0.3547
vn -0.5140 0.7692 -0.3797
vn 0.1824 -0.9170 -0.3547
vn 0.1805 -0.9073 -0.3797
vn 0.1824 0.9170 -0.3547
vn 0.1805 0.9073 -0.3798
vn -0.1824 0.9170 -0.3547
vn -0.1805 0.9073 -0.3797
vn -0.1824 -0.9170 -0.3547
vn -0.1805 -0.9073 -0.3797
vn 0.5195 0.7774 -0.3547
vn 0.5140 0.7692 -0.3797
vn -0.5195 -0.7774 -0.3547
vn -0.5140 -0.7692 -0.3797
vn 0.7774 0.5195 -0.3547
vn 0.7692 0.5140 -0.3797
vn -0.7774 -0.5195 -0.3547
vn 0.9170 0.1824 -0.3547
vn 0.9073 0.1805 -0.3797
vn -0.9170 -0.1824 -0.3547
vn -0.9073 -0.1805 -0.3798
vn 0.9170 -0.1824 -0.3547
vn 0.9073 -0.1805 -0.3798
vn -0.9170 0.1824 -0.3547
vn -0.9073 0.1805 -0.3797
vn -0.0000 -0.0012 -1.0000
vn -0.0005 -0.0012 -1.0000
vn 0.9072 0.1805 -0.3800
vn -0.9073 -0.1805 -0.3797
vn -0.9072 -0.1805 -0.3800
vn 0.9072 -0.1805 -0.3800
vn -0.9073 0.1805 -0.3798
vn -0.9072 0.1805 -0.3800
vn 0.7691 -0.5139 -0.3800
vn -0.7691 0.5139 -0.3800
vn 0.5139 -0.7691 -0.3800
vn -0.5139 0.7691 -0.3800
vn 0.1805 -0.9073 -0.3798
vn 0.1805 -0.9072 -0.3800
vn 0.1805 0.9072 -0.3800
vn -0.1805 0.9072 -0.3800
vn -0.1805 -0.9073 -0.3798
vn -0.1805 -0.9072 -0.3800
vn 0.5139 0.7691 -0.3800
vn -0.5139 -0.7691 -0.3800
vn 0.7691 0.5139 -0.3800
vn -0.0001 0.0014 -1.0000
vn 0.0014 0.0001 -1.0000
vn 0.0003 -0.0006 -1.0000
vn 0.0005 -0.0011 -1.0000
vn 0.0005 0.0011 -1.0000
vn -0.0006 0.0006 -1.0000
vn -0.0000 0.0012 -1.0000
vn -0.0005 -0.0011 -1.0000
vn -0.0002 -0.0000 -1.0000
vn 0.0009 0.0009 -1.0000
vn 0.0003 0.0006 -1.0000
vn -0.0011 -0.0005 -1.0000
vn -0.0009 -0.0009 -1.0000
vn 0.0001 0.0007 -1.0000
vn -0.0012 -0.0000 -1.0000
vn -0.0003 -0.0008 -1.0000
vn 0.0012 -0.0000 -1.0000
vn 0.0011 0.0005 -1.0000
vn -0.0011 0.0005 -1.0000
vn -0.0006 -0.0006 -1.0000
vn 0.0011 -0.0005 -1.0000
vn 0.0006 0.0006 -1.0000
vn -0.0000 0.0003 -1.0000
vn -0.0007 -0.0001 -1.0000
vn 0.0009 -0.0009 -1.0000
vn 0.0006 -0.0003 -1.0000
vn -0.0005 0.0011 -1.0000
vn -0.0009 0.0009 -1.0000
vn 0.0007 -0.0001 -1.0000
vn 0.1553 0.7807 -0.6053
vn 0.1553 0.7807 -0.6052
vn 0.1899 0.9545 -0.2297
vn 0.1899 0.9546 -0.2295
vn 0.1884 0.9468 0.2608
vn 0.1884 0.9469 0.2607
vn 0.4393 0.6574 -0.6122
vn 0.4394 0.6575 -0.6121
vn 0.5407 0.8092 -0.2299
vn 0.5407 0.8092 -0.2298
vn 0.5346 0.8001 0.2721
vn 0.5346 0.8001 0.2720
vn 0.6542 0.4371 -0.6173
vn 0.6542 0.4371 -0.6172
vn 0.8092 0.5406 -0.2301
vn 0.7981 0.5332 0.2807
vn 0.7981 0.5332 0.2806
vn 0.7695 0.1531 -0.6200
vn 0.9544 0.1898 -0.2302
vn 0.9545 0.1898 -0.2301
vn 0.9401 0.1870 0.2852
vn 0.9400 0.1870 0.2852
vn 0.7695 -0.1531 -0.6200
vn 0.9544 -0.1898 -0.2302
vn 0.9545 -0.1898 -0.2301
vn 0.9401 -0.1870 0.2852
vn 0.9400 -0.1870 0.2852
vn 0.6542 -0.4371 -0.6173
vn 0.6542 -0.4371 -0.6172
vn 0.8092 -0.5406 -0.2301
vn 0.7981 -0.5332 0.2807
vn 0.7981 -0.5332 0.2806
vn 0.4393 -0.6575 -0.6122
vn 0.4394 -0.6575 -0.6121
vn 0.5407 -0.8092 -0.2300
vn 0.5407 -0.8092 -0.2298
vn 0.5346 -0.8001 0.2721
vn 0.5346 -0.8001 0.2720
vn 0.1553 -0.7807 -0.6053
vn 0.1553 -0.7808 -0.6052
vn 0.1899 -0.9546 -0.2297
vn 0.1899 -0.9546 -0.2295
vn 0.1884 -0.9468 0.2608
vn 0.1884 -0.9469 0.2607
vn -0.1564 -0.7863 -0.5977
vn -0.1564 -0.7864 -0.5976
vn -0.1898 -0.9546 -0.2294
vn -0.1899 -0.9547 -0.2292
vn -0.1890 -0.9500 0.2485
vn -0.1890 -0.9501 0.2484
vn -0.4483 -0.6710 -0.5906
vn -0.4484 -0.6711 -0.5905
vn -0.5408 -0.8094 -0.2292
vn -0.5408 -0.8094 -0.2290
vn -0.5397 -0.8078 0.2370
vn -0.5397 -0.8078 0.2369
vn -0.6744 -0.4506 -0.5849
vn -0.8094 -0.5408 -0.2289
vn -0.8094 -0.5409 -0.2288
vn -0.8095 -0.5409 0.2282
vn -0.8095 -0.5409 0.2281
vn -0.7977 -0.1587 -0.5819
vn -0.7977 -0.1587 -0.5818
vn -0.9548 -0.1899 -0.2288
vn -0.9560 -0.1902 0.2233
vn -0.7977 0.1587 -0.5819
vn -0.9548 0.1899 -0.2288
vn -0.9560 0.1902 0.2233
vn -0.6744 0.4506 -0.5849
vn -0.8094 0.5408 -0.2290
vn -0.8094 0.5409 -0.2288
vn -0.8095 0.5409 0.2282
vn -0.8095 0.5409 0.2281
vn -0.8095 0.5409 0.2280
vn -0.4483 0.6710 -0.5905
vn -0.4484 0.6710 -0.5905
vn -0.5408 0.8094 -0.2292
vn -0.5408 0.8094 -0.2290
vn -0.5397 0.8078 0.2370
vn -0.5397 0.8078 0.2369
vn -0.1564 0.7863 -0.5977
vn -0.1564 0.7864 -0.5976
vn -0.1899 0.9546 -0.2294
vn -0.1898 0.9547 -0.2292
vn -0.1890 0.9500 0.2485
vn -0.1890 0.9501 0.2484
vn 0.1398 0.7030 -0.6973
vn 0.1863 0.9365 0.2972
vn 0.0961 0.4831 0.8703
vn 0.3982 0.5960 -0.6973
vn 0.5304 0.7939 0.2973
vn 0.5305 0.7939 0.2972
vn 0.2737 0.4096 0.8703
vn 0.5960 0.3982 -0.6973
vn 0.7939 0.5305 0.2972
vn 0.7939 0.5305 0.2973
vn 0.4096 0.2737 0.8703
vn 0.7030 0.1398 -0.6973
vn 0.9365 0.1863 0.2972
vn 0.4831 0.0961 0.8703
vn 0.7030 -0.1398 -0.6973
vn 0.9365 -0.1863 0.2972
vn 0.4831 -0.0961 0.8703
vn 0.5960 -0.3982 -0.6973
vn 0.7939 -0.5305 0.2972
vn 0.4096 -0.2737 0.8703
vn 0.3982 -0.5960 -0.6973
vn 0.5305 -0.7939 0.2972
vn 0.2737 -0.4096 0.8703
vn 0.1398 -0.7030 -0.6973
vn 0.1863 -0.9365 0.2972
vn 0.0961 -0.4831 0.8703
vn -0.1398 -0.7030 -0.6973
vn -0.1863 -0.9365 0.2972
vn -0.1863 -0.9365 0.2973
vn -0.0961 -0.4831 0.8703
vn -0.0961 -0.4831 0.8702
vn -0.3982 -0.5960 -0.6973
vn -0.5305 -0.7939 0.2972
vn -0.2737 -0.4096 0.8703
vn -0.5960 -0.3982 -0.6973
vn -0.7939 -0.5305 0.2972
vn -0.4096 -0.2737 0.8703
vn -0.7030 -0.1398 -0.6973
vn -0.9365 -0.1863 0.2972
vn -0.4831 -0.0961 0.8703
vn -0.7030 0.1398 -0.6973
vn -0.9365 0.1863 0.2972
vn -0.4831 0.0961 0.8703
vn -0.5960 0.3982 -0.6973
vn -0.7939 0.5305 0.2972
vn -0.4096 0.2737 0.8703
vn -0.3982 0.5960 -0.6973
vn -0.5305 0.7939 0.2972
vn -0.2737 0.4096 0.8703
vn -0.1398 0.7030 -0.6973
vn -0.1863 0.9365 0.2972
vn -0.0961 0.4831 0.8702
vn -0.0961 0.4831 0.8703
vn 0.1651 0.8300 0.5327
vn 0.1888 0.9491 0.2519
vn 0.1888 0.9491 0.2520
vn 0.5376 0.8046 0.2520
vn 0.5377 0.8046 0.2519
vn 0.8046 0.5376 0.2520
vn 0.9491 0.1888 0.2520
vn 0.9491 -0.1888 0.2520
vn 0.8046 -0.5376 0.2520
vn 0.5376 -0.8046 0.2520
vn 0.1888 -0.9491 0.2520
vn -0.1888 -0.9491 0.2520
vn -0.5376 -0.8046 0.2520
vn -0.8046 -0.5376 0.2520
vn -0.9491 -0.1888 0.2520
vn -0.9491 -0.1888 0.2519
vn -0.9491 0.1888 0.2519
vn -0.9491 0.1888 0.2520
vn -0.8046 0.5376 0.2520
vn -0.8046 0.5377 0.2519
vn -0.5376 0.8046 0.2520
vn -0.1888 0.9491 0.2520
vn -0.1888 0.9491 0.2519
vn 0.1116 0.5609 0.8203
vn 0.1946 0.9785 0.0685
vn 0.1946 0.9785 0.0689
vn 0.5550 0.8306 0.0456
vn 0.5550 0.8306 0.0460
vn 0.8311 0.5553 0.0281
vn 0.8311 0.5553 0.0284
vn 0.9806 0.1951 0.0187
vn 0.9806 0.1951 0.0188
vn 0.9806 -0.1951 0.0187
vn 0.9806 -0.1951 0.0188
vn 0.8311 -0.5553 0.0281
vn 0.8311 -0.5553 0.0284
vn 0.5550 -0.8306 0.0456
vn 0.5550 -0.8306 0.0460
vn 0.1946 -0.9785 0.0685
vn 0.1946 -0.9785 0.0689
vn 0.1946 -0.9784 0.0689
vn -0.1942 -0.9765 0.0932
vn -0.1942 -0.9765 0.0936
vn -0.5518 -0.8259 0.1160
vn -0.5518 -0.8258 0.1163
vn -0.8241 -0.5506 0.1333
vn -0.8240 -0.5506 0.1335
vn -0.9708 -0.1931 0.1427
vn -0.9707 -0.1931 0.1427
vn -0.9708 0.1931 0.1427
vn -0.9707 0.1931 0.1427
vn -0.8241 0.5506 0.1333
vn -0.8240 0.5506 0.1335
vn -0.5518 0.8259 0.1160
vn -0.5518 0.8258 0.1163
vn -0.1942 0.9765 0.0932
vn -0.1942 0.9765 0.0936
vn 0.1943 0.9770 -0.0876
vn 0.5534 0.8283 -0.0876
vn 0.5534 0.8283 -0.0877
vn 0.8283 0.5534 -0.0877
vn 0.9770 0.1943 -0.0877
vn 0.9770 0.1943 -0.0876
vn 0.9770 -0.1943 -0.0876
vn 0.9770 -0.1943 -0.0877
vn 0.8283 -0.5534 -0.0877
vn 0.5534 -0.8283 -0.0876
vn 0.5534 -0.8283 -0.0877
vn 0.1943 -0.9770 -0.0876
vn -0.1943 -0.9770 -0.0876
vn -0.5534 -0.8283 -0.0877
vn -0.5534 -0.8283 -0.0876
vn -0.8283 -0.5534 -0.0877
vn -0.8283 -0.5534 -0.0876
vn -0.9770 -0.1943 -0.0876
vn -0.9770 0.1943 -0.0876
vn -0.8283 0.5534 -0.0876
vn -0.8283 0.5534 -0.0877
vn -0.5534 0.8283 -0.0876
vn -0.5534 0.8283 -0.0877
vn -0.1943 0.9770 -0.0876
vn 0.1950 0.9801 0.0378
vn 0.5552 0.8309 0.0378
vn 0.8309 0.5552 0.0378
vn 0.9801 0.1950 0.0378
vn 0.9801 -0.1950 0.0378
vn 0.8309 -0.5552 0.0378
vn 0.5552 -0.8309 0.0378
vn 0.1950 -0.9801 0.0378
vn -0.1950 -0.9801 0.0378
vn -0.5552 -0.8309 0.0377
vn -0.5552 -0.8309 0.0378
vn -0.8309 -0.5552 0.0378
vn -0.8309 -0.5552 0.0377
vn -0.9801 -0.1950 0.0378
vn -0.9801 -0.1949 0.0378
vn -0.9801 0.1949 0.0378
vn -0.8309 0.5552 0.0378
vn -0.5552 0.8309 0.0378
vn -0.1950 0.9801 0.0378
vn 0.1589 0.7986 0.5805
vn 0.7229 0.1438 0.6758
vn -0.8712 -0.1733 0.4593
vn -0.1733 -0.8712 0.4594
vn 0.6915 0.4621 0.5552
vn -0.7227 -0.1438 -0.6760
vn -0.7561 0.1504 0.6369
vn -0.1828 0.9190 0.3495
vn -0.7452 -0.4979 -0.4436
vn 0.8790 -0.1748 -0.4436
vn -0.8790 0.1748 -0.4436
vn 0.7452 0.4979 -0.4436
vn 0.5346 0.8001 0.2722
vn 0.8092 -0.5406 -0.2302
vn 0.1899 -0.9545 -0.2297
vn -0.7977 0.1587 -0.5818
vn 0.5306 0.7939 0.2970
vn 0.1863 -0.9365 0.2973
vn -0.8046 -0.5376 0.2519
vn 0.1946 0.9784 0.0689
vt 0.618640 0.273177
vt 0.661592 0.282586
vt 0.620113 0.285767
vt 0.642005 0.208729
vt 0.724223 0.131265
vt 0.737535 0.154449
vt 0.662344 0.298183
vt 0.620662 0.298409
vt 0.604483 0.373134
vt 0.636506 0.402074
vt 0.599091 0.385283
vt 0.616272 0.260680
vt 0.659731 0.267136
vt 0.609306 0.360925
vt 0.643132 0.388783
vt 0.613049 0.248308
vt 0.656783 0.251930
vt 0.613390 0.348618
vt 0.648972 0.374722
vt 0.609034 0.236079
vt 0.652788 0.237078
vt 0.616623 0.336198
vt 0.653916 0.360070
vt 0.604318 0.223992
vt 0.647803 0.222702
vt 0.618924 0.323669
vt 0.657893 0.344970
vt 0.599027 0.212075
vt 0.620270 0.311058
vt 0.660487 0.329457
vt 0.593340 0.200337
vt 0.635222 0.195493
vt 0.661975 0.313835
vt 0.629233 0.414354
vt 0.593340 0.397616
vt 0.758896 0.394334
vt 0.842340 0.450107
vt 0.750664 0.418247
vt 0.769334 0.346180
vt 0.708150 0.108733
vt 0.771772 0.321987
vt 0.727196 0.465359
vt 0.711312 0.488533
vt 0.771299 0.273604
vt 0.772420 0.297780
vt 0.740182 0.441957
vt 0.768399 0.249499
vt 0.763680 0.225498
vt 0.757063 0.201626
vt 0.765052 0.370297
vt 0.748422 0.177906
vt 0.862173 0.266313
vt 0.898492 0.232218
vt 0.901534 0.264654
vt 0.847517 0.175468
vt 0.856582 0.388022
vt 0.850493 0.418889
vt 0.838946 0.144870
vt 0.860754 0.357349
vt 0.828368 0.113684
vt 0.799233 0.048210
vt 0.815405 0.081736
vt 0.863044 0.326890
vt 0.803070 0.547439
vt 0.863505 0.296561
vt 0.819028 0.514270
vt 0.859069 0.236096
vt 0.831952 0.481839
vt 0.854194 0.205845
vt 0.858269 0.064033
vt 0.942329 0.079838
vt 0.869571 0.099242
vt 0.902878 0.297000
vt 0.862919 0.529982
vt 0.893765 0.199608
vt 0.874257 0.494465
vt 0.887354 0.166702
vt 0.883576 0.460274
vt 0.879227 0.133282
vt 0.891021 0.426929
vt 0.900442 0.361679
vt 0.896693 0.394140
vt 0.902514 0.329320
vt 0.849565 0.567501
vt 0.982283 0.441066
vt 0.994231 0.405350
vt 0.989769 0.442165
vt 0.970570 0.366803
vt 0.845244 0.026680
vt 0.933693 0.043101
vt 0.972408 0.331159
vt 0.932659 0.589373
vt 0.971349 0.259836
vt 0.972685 0.295502
vt 0.948899 0.511719
vt 0.940655 0.549885
vt 0.968406 0.224152
vt 0.963902 0.188416
vt 0.956252 0.474595
vt 0.957906 0.152548
vt 0.962423 0.438184
vt 0.950503 0.116346
vt 0.967307 0.402386
vt 0.983757 0.185630
vt 0.995706 0.221322
vt 0.988199 0.222215
vt 0.970701 0.112076
vt 0.970045 0.073505
vt 0.978351 0.110481
vt 0.990187 0.368236
vt 0.986848 0.404553
vt 0.962455 0.075191
vt 0.961422 0.036761
vt 0.992076 0.331808
vt 0.997610 0.368715
vt 0.953857 0.038409
vt 0.952940 0.000129
vt 0.992395 0.295308
vt 0.999530 0.331927
vt 0.954064 0.592765
vt 0.969803 0.555897
vt 0.961888 0.594916
vt 0.226363 0.840348
vt 0.262007 0.832544
vt 0.262055 0.839656
vt 0.961898 0.554143
vt 0.977293 0.517356
vt 0.991098 0.258771
vt 0.999871 0.295066
vt 0.972644 0.223800
vt 0.975553 0.259680
vt 0.969558 0.515737
vt 0.984061 0.479489
vt 0.977877 0.148956
vt 0.991289 0.184467
vt 0.976465 0.478097
vt 0.985455 0.147567
vt 0.945231 0.550732
vt 0.968174 0.187861
vt 0.953309 0.512529
vt 0.962218 0.151789
vt 0.960536 0.475304
vt 0.954933 0.115399
vt 0.966611 0.438781
vt 0.974695 0.367133
vt 0.971362 0.402844
vt 0.946684 0.078796
vt 0.976553 0.331347
vt 0.925592 0.005847
vt 0.938005 0.042046
vt 0.976857 0.295527
vt 0.937478 0.589814
vt 0.046453 0.847087
vt 0.082565 0.837772
vt 0.082892 0.845010
vt 0.439991 0.841367
vt 0.476196 0.835658
vt 0.475834 0.842802
vt 0.367949 0.839811
vt 0.332648 0.832737
vt 0.367982 0.832694
vt 0.008770 0.843369
vt 0.045918 0.839749
vt 0.332608 0.839514
vt 0.297512 0.832417
vt 0.547785 0.846895
vt 0.585396 0.843170
vt 0.583562 0.850452
vt 0.511564 0.844537
vt 0.548337 0.839594
vt 0.297474 0.839457
vt 0.226893 0.863308
vt 0.262220 0.852866
vt 0.262388 0.862600
vt 0.510018 0.867561
vt 0.475230 0.856102
vt 0.510729 0.857906
vt 0.190394 0.841145
vt 0.154296 0.835237
vt 0.190196 0.833733
vt 0.511962 0.837612
vt 0.118806 0.843381
vt 0.154511 0.842130
vt 0.403890 0.840483
vt 0.440265 0.834173
vt 0.118586 0.836237
vt 0.404047 0.833030
vt 0.515951 0.711523
vt 0.155137 0.865171
vt 0.190766 0.854574
vt 0.191022 0.864434
vt 0.439284 0.864620
vt 0.474820 0.865546
vt 0.119382 0.856731
vt 0.154942 0.855484
vt 0.403360 0.863569
vt 0.439570 0.854787
vt 0.084203 0.868002
vt 0.119681 0.866363
vt 0.367565 0.862886
vt 0.403585 0.854017
vt 0.047455 0.860802
vt 0.083652 0.858454
vt 0.332305 0.862112
vt 0.367746 0.853108
vt 0.011680 0.873139
vt 0.048147 0.870768
vt 0.297535 0.862001
vt 0.332489 0.852593
vt 0.545864 0.870385
vt 0.582110 0.863416
vt 0.582488 0.873139
vt 0.297491 0.852675
vt 0.226264 0.833187
vt 0.546689 0.860532
vt 0.226673 0.853799
vt 0.296080 0.710034
vt 0.332170 0.682438
vt 0.332259 0.709973
vt 0.187106 0.710885
vt 0.478727 0.711036
vt 0.150439 0.711348
vt 0.441742 0.710698
vt 0.113611 0.711796
vt 0.404962 0.710337
vt 0.076613 0.712444
vt 0.368517 0.710088
vt 0.039066 0.713506
vt 0.593082 0.712856
vt 0.223571 0.710690
vt 0.259892 0.710123
vt 0.553945 0.712281
vt 0.332185 0.663953
vt 0.368562 0.656885
vt 0.368558 0.663931
vt 0.592495 0.683050
vt 0.259680 0.682799
vt 0.295900 0.682647
vt 0.553963 0.683355
vt 0.223311 0.683014
vt 0.516093 0.682937
vt 0.186812 0.683068
vt 0.478883 0.682894
vt 0.150004 0.683611
vt 0.404952 0.682623
vt 0.441824 0.682884
vt 0.113132 0.683764
vt 0.038689 0.685053
vt 0.076175 0.684330
vt 0.368494 0.682488
vt 0.001211 0.714371
vt 0.441904 0.663985
vt 0.478935 0.656795
vt 0.478918 0.663977
vt 0.038404 0.665795
vt 0.000129 0.658991
vt 0.038312 0.658206
vt 0.295895 0.664245
vt 0.332184 0.656683
vt 0.553916 0.663857
vt 0.592499 0.656216
vt 0.591805 0.663694
vt 0.516112 0.664048
vt 0.553871 0.656142
vt 0.259665 0.664349
vt 0.295871 0.657017
vt 0.259658 0.672596
vt 0.516114 0.672573
vt 0.186724 0.664617
vt 0.149811 0.657160
vt 0.186729 0.657275
vt 0.516066 0.656556
vt 0.113001 0.665140
vt 0.149872 0.664751
vt 0.405016 0.656642
vt 0.441920 0.656398
vt 0.075950 0.657884
vt 0.112943 0.658004
vt 0.405048 0.663968
vt 0.075977 0.665352
vt 0.331888 0.616229
vt 0.186759 0.672949
vt 0.478889 0.672449
vt 0.113030 0.673568
vt 0.149905 0.673096
vt 0.405010 0.672304
vt 0.441873 0.672318
vt 0.076004 0.673847
vt 0.368551 0.672242
vt 0.001078 0.685630
vt 0.038511 0.674413
vt 0.295891 0.672464
vt 0.332198 0.672201
vt 0.553970 0.672573
vt 0.591719 0.672227
vt 0.223256 0.657209
vt 0.223261 0.664499
vt 0.223294 0.672789
vt 0.478210 0.615205
vt 0.514177 0.573597
vt 0.515273 0.614626
vt 0.590935 0.612296
vt 0.259199 0.616447
vt 0.259658 0.657091
vt 0.295586 0.616353
vt 0.552944 0.613752
vt 0.222801 0.616481
vt 0.149722 0.616390
vt 0.186319 0.616463
vt 0.441298 0.615560
vt 0.112871 0.616430
vt 0.404583 0.615853
vt 0.075784 0.616301
vt 0.368157 0.616110
vt 0.000519 0.615686
vt 0.038321 0.616230
vt 0.295256 0.576416
vt 0.331442 0.565288
vt 0.331465 0.576279
vt 0.186248 0.576252
vt 0.440680 0.575333
vt 0.477440 0.574570
vt 0.149737 0.575898
vt 0.112983 0.575858
vt 0.404147 0.575644
vt 0.076007 0.575538
vt 0.367768 0.576156
vt 0.038967 0.575199
vt 0.587886 0.570713
vt 0.259009 0.576463
vt 0.551079 0.572676
vt 0.222687 0.576410
vt 0.076132 0.564330
vt 0.113113 0.560373
vt 0.113067 0.564475
vt 0.586616 0.559970
vt 0.259052 0.565481
vt 0.295262 0.565447
vt 0.550635 0.561406
vt 0.222762 0.565401
vt 0.513892 0.562665
vt 0.186354 0.565223
vt 0.440509 0.564042
vt 0.477173 0.563446
vt 0.149820 0.565018
vt 0.404024 0.564825
vt 0.039144 0.564096
vt 0.367679 0.564952
vt 0.002198 0.574401
vt 0.477100 0.559362
vt 0.513267 0.545146
vt 0.513791 0.558572
vt 0.403984 0.560771
vt 0.076167 0.560216
vt 0.367657 0.560915
vt 0.003063 0.563675
vt 0.039185 0.559975
vt 0.331425 0.561256
vt 0.586446 0.556001
vt 0.259064 0.561446
vt 0.295259 0.561418
vt 0.550499 0.557316
vt 0.222787 0.561354
vt 0.186390 0.561163
vt 0.149869 0.560932
vt 0.440447 0.559976
vt 0.295397 0.548209
vt 0.330286 0.473265
vt 0.331463 0.548018
vt 0.150051 0.547620
vt 0.186622 0.547913
vt 0.476691 0.545956
vt 0.113244 0.547250
vt 0.440161 0.546595
vt 0.367584 0.547633
vt 0.403798 0.547151
vt 0.076230 0.546783
vt 0.003094 0.559680
vt 0.039129 0.546450
vt 0.586545 0.543098
vt 0.223027 0.548134
vt 0.259272 0.548242
vt 0.549902 0.544056
vt 0.330675 0.453165
vt 0.366066 0.439847
vt 0.366280 0.452582
vt 0.548763 0.467450
vt 0.585571 0.466148
vt 0.258691 0.473368
vt 0.294437 0.473398
vt 0.512023 0.468648
vt 0.222894 0.473057
vt 0.475372 0.469863
vt 0.186988 0.472480
vt 0.438841 0.471000
vt 0.150899 0.471705
vt 0.402506 0.471919
vt 0.077666 0.469899
vt 0.114502 0.470902
vt 0.040409 0.469033
vt 0.366333 0.472740
vt 0.002612 0.468228
vt 0.115082 0.449663
vt 0.152228 0.437911
vt 0.151767 0.450927
vt 0.002781 0.447125
vt 0.040608 0.434038
vt 0.040274 0.447665
vt 0.295167 0.453246
vt 0.330531 0.440299
vt 0.547175 0.446605
vt 0.583795 0.432560
vt 0.583439 0.445491
vt 0.226919 0.339234
vt 0.261661 0.322538
vt 0.261123 0.340425
vt 0.510508 0.447989
vt 0.546761 0.433552
vt 0.259657 0.453183
vt 0.295151 0.440788
vt 0.223763 0.458117
vt 0.259491 0.458547
vt 0.474060 0.449357
vt 0.510028 0.434921
vt 0.151558 0.456405
vt 0.187811 0.457387
vt 0.437888 0.450655
vt 0.473579 0.436386
vt 0.188031 0.451963
vt 0.188407 0.439089
vt 0.401990 0.451823
vt 0.437447 0.437793
vt 0.077913 0.448626
vt 0.115555 0.436509
vt 0.401657 0.439030
vt 0.078356 0.435246
vt 0.580335 0.336900
vt 0.474355 0.454839
vt 0.114913 0.455193
vt 0.438116 0.456102
vt 0.366337 0.457980
vt 0.402138 0.457252
vt 0.077802 0.454237
vt 0.330641 0.458538
vt 0.040243 0.453356
vt 0.295058 0.458617
vt 0.583682 0.450915
vt 0.223968 0.452729
vt 0.224235 0.439963
vt 0.547495 0.452142
vt 0.510836 0.453498
vt 0.328927 0.340799
vt 0.362259 0.321739
vt 0.362976 0.339772
vt 0.260816 0.353156
vt 0.259811 0.440511
vt 0.295004 0.353407
vt 0.542371 0.340299
vt 0.226315 0.351964
vt 0.505154 0.343308
vt 0.191524 0.349966
vt 0.468779 0.346248
vt 0.156272 0.347461
vt 0.433120 0.348794
vt 0.120154 0.344694
vt 0.398057 0.350896
vt 0.082968 0.341259
vt 0.363451 0.352450
vt 0.002181 0.433419
vt 0.044714 0.337591
vt 0.329123 0.353367
vt 0.121387 0.331090
vt 0.159061 0.315768
vt 0.157325 0.334436
vt 0.007227 0.319301
vt 0.048586 0.302698
vt 0.046172 0.323349
vt 0.295067 0.340933
vt 0.328575 0.322765
vt 0.541142 0.326383
vt 0.577414 0.302683
vt 0.578688 0.322867
vt 0.233155 0.244516
vt 0.264980 0.233595
vt 0.264303 0.246698
vt 0.504007 0.329862
vt 0.539273 0.306459
vt 0.295134 0.323264
vt 0.260994 0.345294
vt 0.467716 0.332869
vt 0.502079 0.310244
vt 0.192042 0.342047
vt 0.432190 0.335743
vt 0.465958 0.313979
vt 0.192388 0.337070
vt 0.193705 0.318928
vt 0.396255 0.319883
vt 0.430758 0.317395
vt 0.084347 0.327367
vt 0.123430 0.311905
vt 0.397342 0.338077
vt 0.086657 0.307514
vt 0.568714 0.232922
vt 0.468138 0.337994
vt 0.120887 0.336296
vt 0.156899 0.339508
vt 0.432564 0.340778
vt 0.397626 0.343022
vt 0.045585 0.328889
vt 0.083792 0.332731
vt 0.363161 0.344662
vt 0.005344 0.333704
vt 0.329003 0.345647
vt 0.579201 0.328233
vt 0.295036 0.345789
vt 0.227879 0.321001
vt 0.541622 0.331758
vt 0.226676 0.344141
vt 0.504467 0.335105
vt 0.326259 0.247088
vt 0.356401 0.232039
vt 0.357451 0.245278
vt 0.263453 0.264870
vt 0.295180 0.265747
vt 0.530110 0.239975
vt 0.231541 0.262829
vt 0.493402 0.246431
vt 0.166158 0.255220
vt 0.199223 0.259492
vt 0.458175 0.252266
vt 0.424126 0.257087
vt 0.132084 0.249314
vt 0.391091 0.260854
vt 0.096704 0.242402
vt 0.358776 0.263609
vt 0.008858 0.297920
vt 0.059565 0.234309
vt 0.326885 0.265117
vt 0.421464 0.237910
vt 0.387492 0.228876
vt 0.419244 0.224035
vt 0.026428 0.202806
vt 0.069131 0.196604
vt 0.064785 0.212615
vt 0.295359 0.234459
vt 0.325766 0.233958
vt 0.525945 0.218234
vt 0.560892 0.193642
vt 0.563772 0.210524
vt 0.489601 0.225770
vt 0.522588 0.202559
vt 0.295275 0.247515
vt 0.264096 0.251041
vt 0.454897 0.232469
vt 0.486464 0.210711
vt 0.169270 0.235958
vt 0.203506 0.227469
vt 0.201588 0.240973
vt 0.455730 0.237230
vt 0.136003 0.229439
vt 0.171854 0.221945
vt 0.452097 0.217853
vt 0.101314 0.221701
vt 0.139066 0.215332
vt 0.389081 0.242144
vt 0.105121 0.206718
vt 0.234439 0.231283
vt 0.267347 0.188450
vt 0.168472 0.240539
vt 0.422132 0.242515
vt 0.135010 0.234198
vt 0.389584 0.246631
vt 0.100145 0.226673
vt 0.357793 0.249680
vt 0.020380 0.225593
vt 0.063474 0.217880
vt 0.326415 0.251440
vt 0.564780 0.215844
vt 0.295250 0.251855
vt 0.526998 0.223455
vt 0.232750 0.248903
vt 0.490573 0.230736
vt 0.200988 0.245449
vt 0.121360 0.154932
vt 0.117261 0.089334
vt 0.143904 0.105697
vt 0.295232 0.189426
vt 0.472003 0.158445
vt 0.505900 0.146507
vt 0.211008 0.181139
vt 0.239331 0.185712
vt 0.440059 0.168282
vt 0.182098 0.174606
vt 0.409629 0.176121
vt 0.152337 0.165968
vt 0.380189 0.182082
vt 0.351480 0.186235
vt 0.030186 0.185473
vt 0.088633 0.141218
vt 0.323211 0.188679
vt 0.542649 0.132221
vt 0.396761 0.128723
vt 0.402383 0.074756
vt 0.423312 0.119335
vt 0.345138 0.140791
vt 0.053150 0.124432
vt 0.319892 0.143803
vt 0.511276 0.072122
vt 0.245705 0.140913
vt 0.270471 0.143879
vt 0.295066 0.144851
vt 0.480340 0.091387
vt 0.451255 0.106938
vt 0.220858 0.135885
vt 0.195744 0.128547
vt 0.170201 0.118652
vt 0.370579 0.135881
vt 0.273793 0.101620
vt 0.259846 0.065879
vt 0.276908 0.070042
vt 0.211512 0.086350
vt 0.380578 0.084677
vt 0.191121 0.076617
vt 0.358750 0.092332
vt 0.171671 0.063563
vt 0.337006 0.097521
vt 0.088715 0.068343
vt 0.152049 0.046900
vt 0.294568 0.102636
vt 0.315727 0.101083
vt 0.467860 0.019194
vt 0.253234 0.098649
vt 0.445340 0.044451
vt 0.232176 0.093934
vt 0.423574 0.061703
vt 0.599360 0.657121
vt 0.610485 0.601194
vt 0.666411 0.612318
vt 0.294299 0.069493
vt 0.414663 0.017542
vt 0.242463 0.059940
vt 0.400649 0.031583
vt 0.366487 0.049397
vt 0.385097 0.042860
vt 0.224655 0.055293
vt 0.209015 0.046001
vt 0.348371 0.057192
vt 0.180864 0.023812
vt 0.193139 0.036918
vt 0.330198 0.063020
vt 0.133878 0.022999
vt 0.312132 0.067136
vt 0.425758 0.000129
vt 0.977556 0.223352
vt 0.980456 0.259452
vt 0.983191 0.222772
vt 0.986091 0.259118
vt 0.973099 0.187192
vt 0.978742 0.186378
vt 0.967170 0.150904
vt 0.972838 0.149872
vt 0.959938 0.114337
vt 0.965636 0.113136
vt 0.951682 0.077630
vt 0.943034 0.040852
vt 0.957393 0.076332
vt 0.929979 0.005183
vt 0.934996 0.004326
vt 0.948784 0.039542
vt 0.945566 0.002031
vt 0.942842 0.590472
vt 0.950531 0.551758
vt 0.948825 0.591530
vt 0.958453 0.513502
vt 0.956573 0.553001
vt 0.965566 0.476157
vt 0.964347 0.514671
vt 0.971550 0.439494
vt 0.971346 0.477176
vt 0.976225 0.403386
vt 0.977239 0.440329
vt 0.979571 0.367501
vt 0.985195 0.367895
vt 0.981853 0.404006
vt 0.981439 0.331534
vt 0.987072 0.331696
vt 0.981751 0.295513
vt 0.987387 0.295429
vt 0.226555 0.849362
vt 0.262156 0.848523
vt 0.226456 0.844807
vt 0.262092 0.844025
vt 0.190650 0.850085
vt 0.190532 0.845549
vt 0.154811 0.851097
vt 0.119190 0.852309
vt 0.154672 0.846539
vt 0.118997 0.847772
vt 0.083382 0.853979
vt 0.083129 0.849396
vt 0.047128 0.856259
vt 0.046801 0.851614
vt 0.012083 0.863548
vt 0.012030 0.859262
vt 0.011525 0.854898
vt 0.582159 0.859071
vt 0.547059 0.856016
vt 0.582650 0.854724
vt 0.547443 0.851387
vt 0.511303 0.848903
vt 0.511025 0.853468
vt 0.475618 0.847195
vt 0.439688 0.850348
vt 0.475421 0.851724
vt 0.403688 0.849511
vt 0.439830 0.845786
vt 0.367834 0.848702
vt 0.403791 0.844960
vt 0.367914 0.844187
vt 0.332525 0.848276
vt 0.297473 0.848266
vt 0.332578 0.843796
vt 0.297462 0.843789
vt 0.998590 0.258188
vt 0.001472 0.675055
vt 0.002871 0.452732
vt 0.006611 0.324885
vt 0.025087 0.208215
vt 0.627589 0.183301
vt 0.010626 0.850672
vt 0.001082 0.666697
vt 0.002142 0.546367
vt 0.672432 0.626853
vt 0.672432 0.642586
vt 0.666411 0.657120
vt 0.655287 0.668245
vt 0.640752 0.674265
vt 0.625020 0.674266
vt 0.610485 0.668245
vt 0.593340 0.642586
vt 0.593340 0.626854
vt 0.599360 0.612319
vt 0.625019 0.595174
vt 0.640752 0.595174
vt 0.655286 0.601194
vt 0.171040 0.008460
vt 0.940625 0.003187
s 1
usemtl Bottle.001
f 2/1/1 17/2/1 1/3/1
f 22/4/2 39/5/3 38/6/3
f 1/3/4 32/7/4 16/8/4
f 10/9/5 25/10/5 9/11/5
f 3/12/6 18/13/6 2/1/6
f 11/14/7 26/15/7 10/9/7
f 4/16/8 19/17/8 3/12/8
f 12/18/9 27/19/9 11/14/9
f 5/20/10 20/21/10 4/16/10
f 13/22/11 28/23/11 12/18/11
f 6/24/12 21/25/12 5/20/12
f 14/26/13 29/27/13 13/22/13
f 7/28/14 22/4/14 6/24/14
f 15/29/15 30/30/15 14/26/15
f 8/31/16 23/32/16 7/28/16
f 16/8/17 31/33/17 15/29/17
f 9/11/18 24/34/18 8/35/18
f 44/36/19 59/37/19 43/38/19
f 31/33/20 46/39/20 30/30/20
f 23/32/21 40/40/21 39/5/21
f 32/7/22 47/41/22 31/33/22
f 24/34/23 41/42/23 40/43/24
f 18/13/25 33/44/25 17/2/25
f 17/2/26 48/45/26 32/7/26
f 25/10/27 42/46/27 41/42/27
f 19/17/28 34/47/28 18/13/28
f 26/15/29 43/38/29 42/46/29
f 20/21/30 35/48/30 19/17/30
f 27/19/31 44/36/31 43/38/31
f 21/25/32 36/49/32 20/21/32
f 28/23/33 45/50/33 44/36/33
f 21/25/34 38/6/34 37/51/34
f 30/30/35 45/50/35 29/27/35
f 49/52/36 66/53/36 65/54/36
f 37/51/37 52/55/37 36/49/37
f 44/36/38 61/56/38 60/57/38
f 38/6/39 53/58/39 37/51/40
f 45/50/41 62/59/41 61/56/41
f 39/5/42 54/60/42 38/6/42
f 47/41/43 62/59/43 46/39/43
f 39/5/44 56/61/44 55/62/44
f 48/45/45 63/63/45 47/41/45
f 41/42/46 56/64/46 40/43/46
f 34/47/47 49/52/47 33/44/47
f 33/44/48 64/65/49 48/45/48
f 42/46/50 57/66/50 41/42/50
f 35/48/51 50/67/51 34/47/51
f 43/38/52 58/68/52 42/46/52
f 36/49/53 51/69/53 35/48/53
f 71/70/14 86/71/14 70/72/14
f 64/65/54 65/54/54 80/73/54
f 58/68/55 73/74/55 57/66/55
f 50/67/56 67/75/56 66/53/56
f 59/37/57 74/76/57 58/68/57
f 51/69/58 68/77/58 67/75/58
f 60/57/59 75/78/59 59/37/59
f 52/55/60 69/79/60 68/77/60
f 61/56/61 76/80/61 60/57/61
f 54/60/62 69/79/62 53/58/62
f 61/56/63 78/81/63 77/82/63
f 55/62/64 70/72/64 54/60/64
f 62/59/65 79/83/65 78/81/65
f 56/61/66 71/70/66 55/62/66
f 63/63/67 80/73/67 79/83/67
f 57/66/68 72/84/68 56/64/68
f 478/85/69 109/86/69 108/87/69
f 79/83/15 94/88/15 78/81/15
f 72/89/16 87/90/16 71/70/16
f 80/73/17 95/91/17 79/83/17
f 73/74/18 88/92/18 72/84/18
f 66/53/1 81/93/1 65/54/1
f 65/54/4 96/94/4 80/73/4
f 73/74/5 90/95/5 89/96/5
f 67/75/6 82/97/6 66/53/6
f 75/78/7 90/95/7 74/76/7
f 68/77/8 83/98/8 67/75/8
f 76/80/9 91/99/9 75/78/9
f 69/79/10 84/100/10 68/77/10
f 77/82/11 92/101/11 76/80/11
f 70/72/12 85/102/12 69/79/12
f 78/81/13 93/103/13 77/82/13
f 442/104/70 98/105/70 438/106/70
f 450/107/71 102/108/71 101/109/71
f 486/110/72 109/86/72 482/111/72
f 454/112/73 103/113/74 102/108/73
f 490/114/75 110/115/75 486/110/75
f 458/116/76 104/117/76 103/113/76
f 494/118/77 111/119/77 490/114/77
f 462/120/78 105/121/78 104/122/78
f 502/123/79 129/124/79 497/125/79
f 466/126/80 106/127/80 105/121/80
f 433/128/81 112/129/81 494/118/81
f 81/93/82 437/130/83 434/131/82
f 470/132/84 107/133/84 106/127/84
f 446/134/85 99/135/85 442/104/85
f 474/136/86 108/87/86 107/133/86
f 450/107/87 100/137/87 446/134/87
f 90/95/88 465/138/88 89/96/88
f 82/97/89 441/139/89 437/130/89
f 91/99/90 469/140/90 90/95/90
f 83/98/91 445/141/92 441/139/91
f 92/101/93 473/142/93 91/99/93
f 84/100/94 449/143/95 445/141/94
f 93/103/96 477/144/96 92/101/96
f 86/71/97 449/143/98 85/102/98
f 93/103/99 485/145/99 481/146/99
f 87/90/100 453/147/100 86/71/100
f 94/88/101 489/148/101 485/145/101
f 88/149/102 457/150/103 87/90/103
f 95/91/104 493/151/104 489/148/104
f 89/96/105 461/152/106 88/92/106
f 96/94/107 434/131/107 493/151/107
f 522/153/108 134/154/108 518/155/108
f 542/156/109 139/157/109 538/158/109
f 550/159/110 143/160/110 142/161/110
f 522/153/111 136/162/111 135/163/111
f 554/164/112 144/165/112 143/160/112
f 530/166/113 136/167/113 526/168/113
f 534/169/114 137/170/114 530/166/114
f 497/125/115 144/165/115 558/171/115
f 114/172/116 498/173/116 113/174/116
f 122/175/117 537/176/117 533/177/117
f 506/178/118 132/179/118 131/180/118
f 538/158/119 138/181/119 534/169/119
f 514/182/120 132/179/120 510/183/120
f 546/184/121 140/185/121 542/156/121
f 518/155/122 133/186/122 514/182/122
f 550/159/123 141/187/123 546/184/123
f 139/157/7 154/188/7 138/181/7
f 116/189/124 505/190/124 115/191/124
f 124/192/125 537/176/125 123/193/125
f 116/189/126 513/194/126 509/195/126
f 125/196/127 541/197/127 124/192/127
f 118/198/128 513/194/128 117/199/128
f 126/200/129 545/201/129 125/196/129
f 118/198/130 521/202/130 517/203/130
f 127/204/131 549/205/131 126/200/131
f 120/206/132 521/202/132 119/207/132
f 128/208/133 553/209/133 127/204/133
f 121/210/134 525/211/134 120/212/134
f 113/174/135 557/213/135 128/208/135
f 506/178/136 130/214/136 502/123/136
f 122/175/137 529/215/137 121/210/137
f 114/172/138 505/190/138 501/216/138
f 160/217/139 175/218/139 159/219/139
f 132/179/8 147/220/8 131/180/8
f 140/185/9 155/221/9 139/157/9
f 133/186/10 148/222/10 132/179/10
f 141/187/11 156/223/11 140/185/11
f 134/154/12 149/224/12 133/186/12
f 142/161/13 157/225/13 141/187/13
f 135/163/14 150/226/14 134/154/14
f 143/160/15 158/227/15 142/161/15
f 136/162/16 151/228/16 135/163/16
f 143/160/17 160/217/17 159/219/17
f 137/170/18 152/229/18 136/167/18
f 129/124/1 146/230/1 145/231/1
f 144/165/4 145/231/4 160/217/4
f 137/170/5 154/188/5 153/232/5
f 131/180/6 146/230/6 130/214/6
f 590/233/140 190/234/140 588/235/140
f 153/232/141 168/236/141 152/229/141
f 146/230/142 161/237/142 145/231/142
f 145/231/143 176/238/143 160/217/143
f 154/188/144 169/239/144 153/232/144
f 147/220/145 162/240/145 146/230/145
f 155/221/146 170/241/146 154/188/147
f 148/222/148 163/242/148 147/220/148
f 156/223/149 171/243/149 155/221/149
f 149/224/150 164/244/150 148/222/150
f 156/223/151 173/245/151 172/246/151
f 150/226/152 165/247/152 149/224/152
f 158/227/153 173/245/153 157/225/153
f 150/226/154 167/248/154 166/249/154
f 159/219/155 174/250/156 158/227/156
f 152/251/157 167/248/157 151/228/157
f 584/252/158 187/253/158 582/254/158
f 574/255/159 184/256/159 183/257/159
f 592/258/160 191/259/160 590/233/160
f 578/260/161 184/261/161 576/262/161
f 580/263/162 185/264/162 578/260/162
f 561/265/163 192/266/163 592/258/163
f 162/240/164 562/267/164 161/237/164
f 171/243/165 579/268/165 170/241/165
f 566/269/166 180/270/166 179/271/166
f 582/254/167 186/272/167 580/263/167
f 570/273/168 180/270/168 568/274/168
f 584/252/169 189/275/169 188/276/169
f 570/273/170 182/277/170 181/278/170
f 588/235/171 189/275/171 586/279/171
f 574/255/172 182/277/172 572/280/172
f 192/266/173 207/281/173 191/259/173
f 164/244/174 565/282/174 163/242/174
f 172/246/175 581/283/175 171/243/175
f 164/244/176 569/284/176 567/285/176
f 172/246/177 585/286/177 583/287/177
f 166/249/178 569/284/178 165/247/178
f 174/250/179 585/286/179 173/245/179
f 167/248/180 571/288/180 166/249/180
f 175/218/181 587/289/181 174/250/181
f 168/290/182 573/291/182 167/248/182
f 175/218/183 591/292/183 589/293/183
f 168/236/184 577/294/184 575/295/184
f 176/238/185 562/267/185 591/292/185
f 566/269/186 178/296/186 564/297/186
f 169/239/187 579/268/187 577/294/187
f 162/240/188 565/282/188 563/298/188
f 203/299/189 218/300/189 202/301/189
f 185/264/190 200/302/190 184/261/190
f 178/296/191 193/303/192 177/304/192
f 177/304/193 208/305/193 192/266/193
f 186/272/194 201/306/194 185/264/194
f 179/271/195 194/307/195 178/296/195
f 187/253/196 202/301/196 186/272/196
f 179/271/197 196/308/197 195/309/197
f 188/276/198 203/299/198 187/253/198
f 181/278/199 196/308/199 180/270/199
f 189/275/200 204/310/200 188/276/200
f 182/277/201 197/311/201 181/278/201
f 190/234/202 205/312/202 189/275/202
f 183/257/203 198/313/203 182/277/203
f 191/259/204 206/314/204 190/234/204
f 183/257/205 200/315/205 199/316/205
f 224/317/206 239/318/206 223/319/206
f 196/308/207 211/320/207 195/309/207
f 203/299/208 220/321/208 219/322/208
f 197/311/209 212/323/209 196/308/209
f 205/312/210 220/321/210 204/310/210
f 198/313/211 213/324/211 197/311/211
f 206/314/212 221/325/212 205/312/212
f 199/316/213 214/326/213 198/313/213
f 207/281/214 222/327/214 206/314/214
f 200/315/215 215/328/215 199/316/215
f 208/305/216 223/319/216 207/281/216
f 201/306/217 216/329/217 200/302/217
f 194/307/218 209/330/218 193/303/218
f 193/303/219 224/317/219 208/305/219
f 202/301/220 217/331/220 201/306/220
f 195/309/221 210/332/221 194/307/221
f 230/333/12 245/334/12 229/335/12
f 217/331/222 232/336/223 216/329/223
f 210/332/224 225/337/225 209/330/225
f 209/330/226 240/338/226 224/317/226
f 218/300/227 233/339/228 217/331/228
f 211/320/229 226/340/229 210/332/229
f 219/322/230 234/341/230 218/300/230
f 212/323/231 227/342/231 211/320/231
f 219/322/232 236/343/232 235/344/232
f 213/324/233 228/345/234 212/323/234
f 221/325/235 236/343/235 220/321/235
f 214/326/236 229/335/236 213/324/237
f 222/327/238 237/346/238 221/325/238
f 214/326/239 231/347/239 230/333/239
f 223/319/240 238/348/240 222/327/240
f 216/349/241 231/347/241 215/328/241
f 251/350/242 266/351/242 250/352/242
f 238/348/13 253/353/13 237/346/13
f 231/347/14 246/354/14 230/333/14
f 239/318/15 254/355/15 238/348/15
f 232/356/16 247/357/16 231/347/16
f 240/338/17 255/358/17 239/318/17
f 233/339/18 248/359/18 232/336/18
f 226/340/1 241/360/1 225/337/1
f 225/337/4 256/361/4 240/338/4
f 234/341/5 249/362/5 233/339/5
f 227/342/6 242/363/6 226/340/6
f 235/344/7 250/352/7 234/341/7
f 228/345/8 243/364/8 227/342/8
f 236/343/9 251/350/9 235/344/9
f 229/335/10 244/365/10 228/345/10
f 237/346/11 252/366/11 236/343/11
f 272/367/243 287/368/243 271/369/243
f 243/364/244 260/370/245 259/371/244
f 252/366/246 267/372/246 251/350/246
f 244/365/247 261/373/247 260/370/247
f 253/353/248 268/374/248 252/366/249
f 246/354/250 261/373/250 245/334/250
f 253/353/251 270/375/251 269/376/251
f 247/357/252 262/377/253 246/354/253
f 254/355/254 271/369/254 270/375/254
f 248/378/255 263/379/255 247/357/255
f 255/358/256 272/367/256 271/369/256
f 249/362/257 264/380/257 248/359/258
f 241/360/259 258/381/260 257/382/259
f 256/361/261 257/382/261 272/367/261
f 250/352/262 265/383/263 249/362/263
f 242/363/264 259/371/264 258/381/264
f 622/384/265 302/385/265 620/386/265
f 264/380/266 281/387/266 280/388/266
f 258/381/267 273/389/267 257/382/267
f 257/382/268 288/390/268 272/367/268
f 265/383/269 282/391/269 281/387/269
f 259/371/270 274/392/270 258/381/270
f 266/351/271 283/393/271 282/391/271
f 260/370/272 275/394/272 259/371/272
f 267/372/273 284/395/273 283/393/273
f 261/373/274 276/396/274 260/370/274
f 268/374/275 285/397/275 284/395/275
f 261/373/276 278/398/276 277/399/276
f 270/375/277 285/397/277 269/376/277
f 262/377/278 279/400/278 278/398/278
f 271/369/279 286/401/279 270/375/279
f 263/379/280 280/402/280 279/400/280
f 602/403/281 292/404/281 600/405/281
f 608/406/282 295/407/282 606/408/283
f 624/409/284 303/410/284 622/384/285
f 610/411/286 296/412/286 608/413/286
f 628/414/287 321/415/287 625/416/288
f 612/417/289 297/418/289 610/411/289
f 593/419/290 304/420/290 624/409/290
f 273/389/291 595/421/291 594/422/291
f 614/423/292 298/424/292 612/417/292
f 275/394/293 599/425/293 597/426/293
f 616/427/294 299/428/294 614/423/294
f 598/429/295 292/404/295 291/430/295
f 618/431/296 300/432/296 616/427/296
f 604/433/297 293/434/297 602/403/297
f 620/386/298 301/435/298 618/431/298
f 606/408/299 294/436/299 604/433/299
f 297/418/300 312/437/300 296/412/300
f 284/395/301 613/438/301 283/393/301
f 276/396/302 601/439/303 599/425/302
f 285/397/304 615/440/304 284/395/304
f 278/398/305 601/439/306 277/399/306
f 285/397/307 619/441/307 617/442/307
f 279/400/308 603/443/308 278/398/308
f 286/401/309 621/444/309 619/441/309
f 280/402/310 605/445/310 279/400/310
f 287/368/311 623/446/311 621/444/311
f 281/387/312 607/447/312 280/388/312
f 288/390/313 594/422/313 623/446/313
f 596/448/314 291/430/314 290/449/314
f 282/391/315 609/450/315 281/387/315
f 274/392/316 597/426/316 595/421/316
f 283/393/317 611/451/317 282/391/317
f 654/452/318 334/453/319 652/454/319
f 290/449/320 305/455/320 289/456/320
f 289/456/321 320/457/321 304/420/321
f 298/424/322 313/458/322 297/418/322
f 291/430/323 306/459/323 290/449/323
f 299/428/324 314/460/324 298/424/324
f 292/404/325 307/461/325 291/430/325
f 300/432/326 315/462/326 299/428/326
f 293/434/327 308/463/327 292/404/327
f 301/435/328 316/464/328 300/432/328
f 294/436/329 309/465/329 293/434/329
f 302/385/330 317/466/330 301/435/330
f 295/407/331 310/467/331 294/436/331
f 303/410/332 318/468/332 302/385/332
f 296/469/333 311/470/333 295/407/333
f 304/420/334 319/471/334 303/410/334
f 634/472/335 324/473/335 632/474/335
f 640/475/336 327/476/337 638/477/337
f 656/478/338 335/479/339 654/452/339
f 642/480/340 328/481/341 640/482/341
f 660/483/342 353/484/342 657/485/342
f 644/486/343 329/487/344 642/480/344
f 656/478/345 321/415/345 336/488/345
f 306/459/346 626/489/346 305/455/346
f 646/490/347 330/491/348 644/486/349
f 308/463/350 629/492/350 307/461/350
f 648/493/351 331/494/352 646/490/352
f 630/495/353 324/473/354 323/496/353
f 648/493/355 333/497/356 332/498/355
f 636/499/357 325/500/357 634/472/358
f 652/454/359 333/497/360 650/501/360
f 638/477/361 326/502/361 636/499/361
f 329/487/362 344/503/362 328/481/362
f 316/464/363 645/504/363 315/462/363
f 308/463/364 633/505/364 631/506/364
f 317/466/365 647/507/365 316/464/365
f 310/467/366 633/505/366 309/465/366
f 318/468/367 649/508/367 317/466/367
f 310/467/368 637/509/368 635/510/368
f 319/471/369 651/511/369 318/468/369
f 312/512/370 637/509/370 311/470/370
f 320/457/371 653/513/371 319/471/371
f 313/458/372 639/514/372 312/437/372
f 305/455/373 655/515/373 320/457/373
f 630/495/374 322/516/375 628/414/375
f 314/460/376 641/517/376 313/458/376
f 306/459/377 629/492/377 627/518/377
f 315/462/378 643/519/378 314/460/378
f 686/520/379 366/521/380 684/522/380
f 322/516/381 337/523/381 321/415/381
f 321/415/382 352/524/382 336/488/382
f 330/491/383 345/525/383 329/487/383
f 323/496/384 338/526/384 322/516/384
f 331/494/385 346/527/385 330/491/385
f 323/496/386 340/528/386 339/529/386
f 332/498/387 347/530/387 331/494/387
f 325/500/388 340/528/388 324/473/388
f 333/497/389 348/531/389 332/498/389
f 326/502/390 341/532/390 325/500/390
f 334/453/391 349/533/391 333/497/391
f 327/476/392 342/534/392 326/502/392
f 335/479/393 350/535/393 334/453/393
f 328/536/394 343/537/394 327/476/394
f 336/488/395 351/538/395 335/479/395
f 680/539/396 365/540/396 364/541/396
f 672/542/397 359/543/398 670/544/398
f 686/520/399 368/545/399 367/546/399
f 674/547/400 360/548/400 672/549/400
f 676/550/401 361/551/401 674/547/401
f 657/485/402 368/545/402 688/552/402
f 338/526/403 658/553/403 337/523/403
f 678/554/404 362/555/405 676/550/405
f 664/556/406 355/557/406 662/558/406
f 348/531/407 677/559/407 347/530/407
f 666/560/408 356/561/408 664/556/408
f 678/554/409 364/541/410 363/562/409
f 668/563/411 357/564/411 666/560/411
f 684/522/412 365/540/412 682/565/412
f 670/544/413 358/566/414 668/563/414
f 354/567/415 369/568/415 353/484/415
f 341/532/416 663/569/416 340/528/416
f 349/533/417 679/570/417 348/531/418
f 342/534/419 665/571/419 341/532/419
f 350/535/420 681/572/420 349/533/420
f 343/537/421 667/573/421 342/534/422
f 351/538/423 683/574/423 350/535/424
f 344/575/425 669/576/425 343/537/425
f 352/524/426 685/577/426 351/538/426
f 345/525/427 671/578/427 344/503/427
f 337/523/428 687/579/428 352/524/428
f 662/558/429 354/567/429 660/483/429
f 346/527/430 673/580/430 345/525/430
f 339/529/431 659/581/431 338/526/431
f 347/530/432 675/582/432 346/527/432
f 340/528/433 661/583/433 339/529/433
f 374/584/434 391/585/435 390/586/436
f 353/484/437 384/587/437 368/545/437
f 361/551/438 378/588/438 377/589/438
f 354/567/439 371/590/439 370/591/439
f 363/562/440 378/588/440 362/555/440
f 356/561/441 371/590/441 355/557/441
f 364/541/442 379/592/442 363/562/442
f 357/564/443 372/593/443 356/561/443
f 365/540/444 380/594/444 364/541/444
f 358/566/445 373/595/445 357/564/445
f 366/521/446 381/596/446 365/540/446
f 359/543/447 374/584/447 358/566/447
f 367/546/448 382/597/448 366/521/448
f 360/598/449 375/599/449 359/543/449
f 367/546/450 384/587/450 383/600/450
f 361/551/451 376/601/451 360/548/451
f 396/602/452 411/603/453 395/604/452
f 383/600/454 398/605/455 382/597/454
f 376/606/456 391/585/457 375/599/456
f 384/587/458 399/607/459 383/600/458
f 377/589/460 392/608/461 376/601/460
f 369/568/462 386/609/463 385/610/463
f 369/568/464 400/611/465 384/587/464
f 378/588/466 393/612/467 377/589/466
f 371/590/468 386/609/469 370/591/468
f 379/592/470 394/613/471 378/588/470
f 372/593/472 387/614/473 371/590/472
f 380/594/474 395/604/452 379/592/474
f 373/595/475 388/615/476 372/593/475
f 381/596/477 396/602/478 380/594/477
f 374/584/479 389/616/480 373/595/479
f 382/597/481 397/617/482 381/596/481
f 401/618/483 418/619/484 417/620/483
f 389/616/476 404/621/485 388/615/476
f 397/617/486 412/622/487 396/602/478
f 390/586/480 405/623/488 389/616/480
f 398/605/489 413/624/490 397/617/482
f 391/585/435 406/625/491 390/586/436
f 399/607/455 414/626/492 398/605/455
f 392/627/457 407/628/493 391/585/457
f 399/607/459 416/629/494 415/630/494
f 393/612/495 408/631/496 392/608/461
f 385/610/463 402/632/497 401/618/497
f 385/610/465 416/629/498 400/611/465
f 394/613/499 409/633/500 393/612/467
f 386/609/469 403/634/501 402/632/501
f 395/604/471 410/635/502 394/613/471
f 388/615/473 403/634/503 387/614/473
f 424/636/504 428/637/505 432/638/506
f 401/618/483 432/639/506 416/629/507
f 410/635/508 425/640/509 409/633/510
f 402/632/511 419/641/512 418/619/484
f 411/603/513 426/642/514 410/635/508
f 404/621/515 419/641/512 403/634/516
f 411/603/513 428/643/505 427/644/517
f 405/623/518 420/645/519 404/621/515
f 413/624/520 428/643/505 412/622/521
f 406/625/522 421/646/523 405/623/518
f 414/626/524 429/647/525 413/624/520
f 406/625/522 423/648/526 422/649/527
f 415/630/528 430/650/529 414/626/524
f 408/651/530 423/648/526 407/628/531
f 415/630/528 432/639/506 431/652/532
f 409/633/510 424/653/504 408/631/530
f 434/131/533 439/654/534 436/655/533
f 436/655/535 440/656/536 435/657/535
f 440/656/537 433/128/538 435/657/538
f 437/130/539 443/658/540 439/654/539
f 439/654/541 444/659/542 440/656/541
f 444/659/543 438/106/544 440/656/544
f 441/139/545 447/660/546 443/658/545
f 443/658/547 448/661/547 444/659/547
f 448/661/548 442/104/549 444/659/549
f 445/141/550 451/662/550 447/660/550
f 447/660/551 452/663/552 448/661/551
f 452/663/553 446/134/554 448/661/554
f 453/147/555 451/662/555 449/143/555
f 455/664/556 452/663/557 451/662/557
f 452/663/558 454/112/559 450/107/558
f 457/150/560 455/664/561 453/147/561
f 459/665/562 456/666/562 455/664/562
f 456/666/563 458/116/564 454/112/563
f 461/667/565 459/665/566 457/150/566
f 463/668/567 460/669/568 459/665/568
f 460/669/569 462/670/570 458/116/569
f 465/138/571 463/671/572 461/152/572
f 467/672/573 464/673/574 463/671/574
f 464/673/575 466/126/576 462/120/575
f 469/140/577 467/672/578 465/138/578
f 471/674/579 468/675/580 467/672/580
f 468/675/581 470/132/582 466/126/581
f 473/142/583 471/674/584 469/140/584
f 475/676/585 472/677/586 471/674/586
f 472/677/587 474/136/588 470/132/587
f 477/144/589 475/676/589 473/142/589
f 479/678/590 476/679/591 475/676/591
f 476/679/592 478/85/593 474/136/592
f 481/146/594 479/678/595 477/144/595
f 483/680/596 480/681/596 479/678/596
f 480/681/597 482/111/597 478/85/597
f 481/146/598 487/682/598 483/680/598
f 483/680/599 488/683/599 484/684/599
f 488/683/600 482/111/600 484/684/600
f 485/145/601 491/685/601 487/682/601
f 487/682/602 492/686/603 488/683/602
f 492/686/604 486/110/605 488/683/606
f 489/148/607 495/687/608 491/685/607
f 491/685/609 496/688/610 492/686/609
f 496/688/611 490/114/612 492/686/612
f 493/151/613 436/655/614 495/687/613
f 495/687/615 435/657/616 496/688/615
f 435/657/617 494/118/618 496/688/618
f 498/173/619 503/689/619 500/690/619
f 500/690/620 504/691/620 499/692/620
f 504/691/621 497/125/621 499/692/621
f 501/216/622 507/693/622 503/689/622
f 507/693/623 504/691/624 503/689/624
f 508/694/625 502/123/625 504/691/625
f 509/195/626 507/693/626 505/190/626
f 511/695/627 508/694/628 507/693/628
f 508/694/629 510/183/629 506/178/629
f 513/194/630 511/695/630 509/195/630
f 515/696/631 512/697/631 511/695/631
f 516/698/632 510/183/632 512/697/632
f 517/203/633 515/696/633 513/194/633
f 519/699/634 516/698/634 515/696/634
f 520/700/635 514/182/635 516/698/635
f 517/203/636 523/701/636 519/699/636
f 523/701/637 520/700/637 519/699/637
f 524/702/638 518/155/638 520/700/638
f 525/703/639 523/701/639 521/202/639
f 527/704/640 524/702/640 523/701/640
f 528/705/641 522/153/641 524/702/641
f 529/215/642 527/706/642 525/211/642
f 531/707/643 528/708/643 527/706/643
f 532/709/644 526/168/644 528/708/644
f 533/177/645 531/707/645 529/215/645
f 531/707/646 536/710/646 532/709/647
f 536/710/648 530/166/649 532/709/649
f 537/176/650 535/711/650 533/177/650
f 535/711/651 540/712/651 536/710/651
f 540/712/652 534/169/652 536/710/652
f 537/176/653 543/713/653 539/714/653
f 543/713/654 540/712/654 539/714/654
f 540/712/655 542/156/655 538/158/655
f 545/201/656 543/713/656 541/197/656
f 547/715/657 544/716/657 543/713/657
f 544/716/658 546/184/658 542/156/658
f 545/201/659 551/717/659 547/715/659
f 551/717/660 548/718/660 547/715/660
f 552/719/661 546/184/661 548/718/661
f 553/209/662 551/717/662 549/205/662
f 555/720/663 552/719/663 551/717/663
f 552/719/664 554/164/664 550/159/664
f 557/213/665 555/720/665 553/209/665
f 559/721/666 556/722/666 555/720/666
f 560/723/667 554/164/667 556/722/667
f 498/173/668 559/721/668 557/213/668
f 500/690/669 560/723/669 559/721/669
f 499/692/670 558/171/671 560/723/671
f 438/106/672 97/724/672 433/128/672
f 563/298/673 561/265/674 562/267/674
f 565/282/675 564/297/675 563/298/676
f 567/285/677 566/269/677 565/282/677
f 569/284/678 568/274/678 567/285/678
f 571/288/679 570/273/679 569/284/679
f 573/291/680 572/280/680 571/288/680
f 575/725/681 574/255/681 573/291/681
f 577/294/682 576/262/682 575/295/682
f 579/268/683 578/260/683 577/294/683
f 581/283/684 580/263/684 579/268/684
f 583/287/685 582/254/685 581/283/685
f 585/286/686 584/252/687 583/287/687
f 587/289/688 586/279/689 585/286/689
f 589/293/690 588/235/690 587/289/691
f 591/292/692 590/233/692 589/293/692
f 562/267/693 592/258/694 591/292/694
f 564/297/695 177/304/695 561/265/695
f 594/422/696 596/448/697 593/419/696
f 595/421/698 598/429/699 596/448/698
f 597/426/700 600/405/701 598/429/700
f 599/425/702 602/403/703 600/405/702
f 603/443/704 602/403/705 601/439/705
f 605/445/706 604/433/707 603/443/707
f 607/726/708 606/408/709 605/445/709
f 609/450/710 608/413/711 607/447/712
f 611/451/713 610/411/714 609/450/714
f 613/438/715 612/417/716 611/451/716
f 615/440/717 614/423/718 613/438/718
f 617/442/719 616/427/720 615/440/720
f 617/442/721 620/386/722 618/431/721
f 619/441/723 622/384/724 620/386/723
f 621/444/725 624/409/726 622/384/725
f 623/446/727 593/419/728 624/409/727
f 627/518/729 625/416/729 626/489/729
f 627/518/730 630/495/731 628/414/730
f 629/492/732 632/474/732 630/495/732
f 631/506/733 634/472/734 632/474/733
f 633/505/735 636/499/736 634/472/735
f 637/509/737 636/499/737 635/510/737
f 639/727/738 638/477/739 637/509/739
f 641/517/740 640/482/740 639/514/740
f 641/517/741 644/486/741 642/480/741
f 645/504/742 644/486/743 643/519/743
f 645/504/744 648/493/745 646/490/744
f 649/508/746 648/493/746 647/507/746
f 651/511/747 650/501/747 649/508/747
f 651/511/748 654/452/749 652/454/748
f 655/515/750 654/452/751 653/513/751
f 655/515/752 625/416/752 656/478/752
f 659/581/753 657/485/753 658/553/753
f 659/581/754 662/558/754 660/483/754
f 663/569/755 662/558/755 661/583/755
f 665/571/756 664/556/756 663/569/756
f 667/573/757 666/560/757 665/571/757
f 667/573/758 670/544/758 668/563/758
f 671/728/759 670/544/759 669/576/759
f 673/580/760 672/549/760 671/578/760
f 675/582/761 674/547/761 673/580/761
f 677/559/762 676/550/763 675/582/763
f 679/570/764 678/554/765 677/559/765
f 681/572/766 680/539/767 679/570/767
f 681/572/768 684/522/768 682/565/768
f 685/577/769 684/522/769 683/574/769
f 687/579/770 686/520/770 685/577/770
f 658/553/771 688/552/771 687/579/771
f 596/448/772 289/456/772 593/419/772
f 2/1/1 18/13/1 17/2/1
f 22/4/2 23/32/2 39/5/3
f 1/3/4 17/2/4 32/7/4
f 10/9/5 26/15/5 25/10/5
f 3/12/6 19/17/6 18/13/6
f 11/14/7 27/19/7 26/15/7
f 4/16/8 20/21/8 19/17/8
f 12/18/9 28/23/9 27/19/9
f 5/20/10 21/25/10 20/21/10
f 13/22/11 29/27/11 28/23/11
f 6/24/12 22/4/12 21/25/12
f 14/26/13 30/30/13 29/27/13
f 7/28/14 23/32/14 22/4/14
f 15/29/15 31/33/15 30/30/15
f 8/31/16 24/729/16 23/32/16
f 16/8/17 32/7/17 31/33/17
f 9/11/18 25/10/18 24/34/18
f 44/36/19 60/57/19 59/37/19
f 31/33/20 47/41/20 46/39/20
f 23/32/21 24/729/21 40/40/21
f 32/7/22 48/45/22 47/41/22
f 24/34/23 25/10/23 41/42/23
f 18/13/25 34/47/25 33/44/25
f 17/2/26 33/44/26 48/45/26
f 25/10/27 26/15/27 42/46/27
f 19/17/28 35/48/28 34/47/28
f 26/15/29 27/19/29 43/38/29
f 20/21/30 36/49/30 35/48/30
f 27/19/31 28/23/31 44/36/31
f 21/25/32 37/51/773 36/49/32
f 28/23/33 29/27/33 45/50/33
f 21/25/34 22/4/34 38/6/34
f 30/30/35 46/39/35 45/50/35
f 49/52/36 50/67/36 66/53/36
f 37/51/37 53/58/37 52/55/37
f 44/36/38 45/50/774 61/56/38
f 38/6/39 54/60/39 53/58/39
f 45/50/41 46/39/41 62/59/41
f 39/5/42 55/62/42 54/60/42
f 47/41/43 63/63/43 62/59/43
f 39/5/44 40/40/44 56/61/44
f 48/45/45 64/65/45 63/63/45
f 41/42/46 57/66/46 56/64/46
f 34/47/47 50/67/47 49/52/47
f 33/44/48 49/52/49 64/65/49
f 42/46/50 58/68/775 57/66/50
f 35/48/51 51/69/51 50/67/51
f 43/38/52 59/37/52 58/68/52
f 36/49/53 52/55/53 51/69/53
f 71/70/14 87/90/14 86/71/14
f 64/65/54 49/52/54 65/54/54
f 58/68/55 74/76/55 73/74/55
f 50/67/56 51/69/56 67/75/56
f 59/37/57 75/78/57 74/76/57
f 51/69/58 52/55/58 68/77/58
f 60/57/59 76/80/59 75/78/59
f 52/55/60 53/58/60 69/79/60
f 61/56/61 77/82/61 76/80/61
f 54/60/62 70/72/62 69/79/62
f 61/56/63 62/59/63 78/81/63
f 55/62/64 71/70/64 70/72/64
f 62/59/65 63/63/65 79/83/65
f 56/61/66 72/89/66 71/70/66
f 63/63/67 64/65/67 80/73/67
f 57/66/68 73/74/68 72/84/68
f 478/85/69 482/111/69 109/86/69
f 79/83/15 95/91/15 94/88/15
f 72/89/16 88/149/16 87/90/16
f 80/73/17 96/94/17 95/91/17
f 73/74/18 89/96/18 88/92/18
f 66/53/1 82/97/1 81/93/1
f 65/54/4 81/93/4 96/94/4
f 73/74/5 74/76/5 90/95/5
f 67/75/6 83/98/6 82/97/6
f 75/78/7 91/99/7 90/95/7
f 68/77/8 84/100/8 83/98/8
f 76/80/9 92/101/9 91/99/9
f 69/79/10 85/102/10 84/100/10
f 77/82/11 93/103/11 92/101/11
f 70/72/12 86/71/12 85/102/12
f 78/81/13 94/88/13 93/103/13
f 442/104/70 99/135/70 98/105/70
f 450/107/71 454/112/71 102/108/71
f 486/110/72 110/115/72 109/86/72
f 454/112/73 458/116/74 103/113/74
f 490/114/75 111/119/75 110/115/75
f 458/116/76 462/670/76 104/117/76
f 494/118/77 112/129/77 111/119/77
f 462/120/78 466/126/78 105/121/78
f 502/123/79 130/214/79 129/124/79
f 466/126/80 470/132/80 106/127/80
f 433/128/81 97/724/81 112/129/81
f 81/93/82 82/97/83 437/130/83
f 470/132/84 474/136/84 107/133/84
f 446/134/776 100/137/776 99/135/776
f 474/136/86 478/85/86 108/87/86
f 450/107/87 101/109/87 100/137/87
f 90/95/88 469/140/88 465/138/88
f 82/97/89 83/98/89 441/139/89
f 91/99/90 473/142/90 469/140/90
f 83/98/91 84/100/92 445/141/92
f 92/101/93 477/144/93 473/142/93
f 84/100/94 85/102/95 449/143/95
f 93/103/96 481/146/96 477/144/96
f 86/71/97 453/147/97 449/143/98
f 93/103/99 94/88/99 485/145/99
f 87/90/100 457/150/100 453/147/100
f 94/88/101 95/91/101 489/148/101
f 88/149/102 461/667/102 457/150/103
f 95/91/104 96/94/104 493/151/104
f 89/96/105 465/138/105 461/152/106
f 96/94/107 81/93/107 434/131/107
f 522/153/108 135/163/108 134/154/108
f 542/156/109 140/185/109 139/157/109
f 550/159/110 554/164/110 143/160/110
f 522/153/111 526/730/111 136/162/111
f 554/164/112 558/171/112 144/165/112
f 530/166/113 137/170/113 136/167/113
f 534/169/114 138/181/114 137/170/114
f 497/125/115 129/124/115 144/165/115
f 114/172/116 501/216/116 498/173/116
f 122/175/117 123/193/117 537/176/117
f 506/178/118 510/183/118 132/179/118
f 538/158/119 139/157/119 138/181/119
f 514/182/120 133/186/120 132/179/120
f 546/184/121 141/187/121 140/185/121
f 518/155/122 134/154/122 133/186/122
f 550/159/123 142/161/123 141/187/123
f 139/157/7 155/221/7 154/188/7
f 116/189/124 509/195/124 505/190/124
f 124/192/125 541/197/125 537/176/125
f 116/189/126 117/199/126 513/194/126
f 125/196/127 545/201/127 541/197/127
f 118/198/128 517/203/128 513/194/128
f 126/200/129 549/205/129 545/201/129
f 118/198/130 119/207/130 521/202/130
f 127/204/131 553/209/131 549/205/131
f 120/206/132 525/703/132 521/202/132
f 128/208/133 557/213/133 553/209/133
f 121/210/134 529/215/134 525/211/134
f 113/174/135 498/173/135 557/213/135
f 506/178/136 131/180/136 130/214/136
f 122/175/137 533/177/137 529/215/137
f 114/172/138 115/191/138 505/190/138
f 160/217/139 176/238/139 175/218/139
f 132/179/8 148/222/8 147/220/8
f 140/185/9 156/223/9 155/221/9
f 133/186/10 149/224/10 148/222/10
f 141/187/11 157/225/11 156/223/11
f 134/154/12 150/226/12 149/224/12
f 142/161/13 158/227/13 157/225/13
f 135/163/14 151/228/14 150/226/14
f 143/160/15 159/219/15 158/227/15
f 136/162/16 152/251/16 151/228/16
f 143/160/17 144/165/17 160/217/17
f 137/170/18 153/232/18 152/229/18
f 129/124/1 130/214/1 146/230/1
f 144/165/4 129/124/4 145/231/4
f 137/170/5 138/181/5 154/188/5
f 131/180/6 147/220/6 146/230/6
f 590/233/140 191/259/140 190/234/140
f 153/232/141 169/239/141 168/236/141
f 146/230/142 162/240/142 161/237/142
f 145/231/143 161/237/143 176/238/143
f 154/188/144 170/241/144 169/239/144
f 147/220/145 163/242/145 162/240/145
f 155/221/146 171/243/146 170/241/146
f 148/222/148 164/244/148 163/242/148
f 156/223/149 172/246/149 171/243/149
f 149/224/150 165/247/150 164/244/150
f 156/223/151 157/225/151 173/245/151
f 150/226/152 166/249/152 165/247/152
f 158/227/153 174/250/153 173/245/153
f 150/226/154 151/228/154 167/248/154
f 159/219/155 175/218/155 174/250/156
f 152/251/157 168/290/157 167/248/157
f 584/252/158 188/276/158 187/253/158
f 574/255/159 576/731/159 184/256/159
f 592/258/160 192/266/160 191/259/160
f 578/260/161 185/264/161 184/261/161
f 580/263/162 186/272/162 185/264/162
f 561/265/163 177/304/163 192/266/163
f 162/240/164 563/298/164 562/267/164
f 171/243/165 581/283/165 579/268/165
f 566/269/166 568/274/166 180/270/166
f 582/254/167 187/253/167 186/272/167
f 570/273/168 181/278/168 180/270/168
f 584/252/169 586/279/169 189/275/169
f 570/273/170 572/280/170 182/277/170
f 588/235/171 190/234/171 189/275/171
f 574/255/172 183/257/172 182/277/172
f 192/266/173 208/305/173 207/281/173
f 164/244/174 567/285/174 565/282/174
f 172/246/175 583/287/175 581/283/175
f 164/244/176 165/247/176 569/284/176
f 172/246/177 173/245/177 585/286/177
f 166/249/178 571/288/178 569/284/178
f 174/250/179 587/289/179 585/286/179
f 167/248/180 573/291/180 571/288/180
f 175/218/181 589/293/181 587/289/181
f 168/290/182 575/725/182 573/291/182
f 175/218/183 176/238/183 591/292/183
f 168/236/184 169/239/184 577/294/184
f 176/238/185 161/237/185 562/267/185
f 566/269/186 179/271/186 178/296/186
f 169/239/187 170/241/187 579/268/187
f 162/240/188 163/242/188 565/282/188
f 203/299/189 219/322/189 218/300/189
f 185/264/190 201/306/190 200/302/190
f 178/296/191 194/307/191 193/303/192
f 177/304/193 193/303/193 208/305/193
f 186/272/194 202/301/194 201/306/194
f 179/271/195 195/309/195 194/307/195
f 187/253/196 203/299/196 202/301/196
f 179/271/197 180/270/197 196/308/197
f 188/276/198 204/310/198 203/299/198
f 181/278/199 197/311/199 196/308/199
f 189/275/200 205/312/200 204/310/200
f 182/277/201 198/313/201 197/311/201
f 190/234/202 206/314/202 205/312/202
f 183/257/203 199/316/203 198/313/203
f 191/259/204 207/281/204 206/314/204
f 183/257/205 184/256/205 200/315/205
f 224/317/206 240/338/206 239/318/206
f 196/308/207 212/323/207 211/320/207
f 203/299/208 204/310/208 220/321/208
f 197/311/209 213/324/209 212/323/209
f 205/312/210 221/325/210 220/321/210
f 198/313/211 214/326/211 213/324/211
f 206/314/212 222/327/212 221/325/212
f 199/316/213 215/328/213 214/326/213
f 207/281/214 223/319/214 222/327/214
f 200/315/215 216/349/215 215/328/215
f 208/305/216 224/317/216 223/319/216
f 201/306/217 217/331/217 216/329/217
f 194/307/218 210/332/218 209/330/218
f 193/303/219 209/330/219 224/317/219
f 202/301/220 218/300/220 217/331/220
f 195/309/221 211/320/221 210/332/221
f 230/333/12 246/354/12 245/334/12
f 217/331/222 233/339/222 232/336/223
f 210/332/224 226/340/224 225/337/225
f 209/330/226 225/337/226 240/338/226
f 218/300/227 234/341/227 233/339/228
f 211/320/229 227/342/229 226/340/229
f 219/322/230 235/344/230 234/341/230
f 212/323/231 228/345/231 227/342/231
f 219/322/232 220/321/232 236/343/232
f 213/324/233 229/335/233 228/345/234
f 221/325/235 237/346/777 236/343/235
f 214/326/236 230/333/236 229/335/236
f 222/327/238 238/348/238 237/346/238
f 214/326/239 215/328/239 231/347/239
f 223/319/240 239/318/240 238/348/240
f 216/349/241 232/356/241 231/347/241
f 251/350/242 267/372/242 266/351/242
f 238/348/13 254/355/13 253/353/13
f 231/347/14 247/357/14 246/354/14
f 239/318/15 255/358/15 254/355/15
f 232/356/16 248/378/16 247/357/16
f 240/338/17 256/361/17 255/358/17
f 233/339/18 249/362/18 248/359/18
f 226/340/1 242/363/1 241/360/1
f 225/337/4 241/360/4 256/361/4
f 234/341/5 250/352/5 249/362/5
f 227/342/6 243/364/6 242/363/6
f 235/344/7 251/350/7 250/352/7
f 228/345/8 244/365/8 243/364/8
f 236/343/9 252/366/9 251/350/9
f 229/335/10 245/334/10 244/365/10
f 237/346/11 253/353/11 252/366/11
f 272/367/243 288/390/243 287/368/243
f 243/364/244 244/365/245 260/370/245
f 252/366/246 268/374/246 267/372/246
f 244/365/247 245/334/247 261/373/247
f 253/353/248 269/376/248 268/374/248
f 246/354/250 262/377/250 261/373/250
f 253/353/251 254/355/778 270/375/251
f 247/357/252 263/379/252 262/377/253
f 254/355/254 255/358/254 271/369/254
f 248/378/255 264/732/255 263/379/255
f 255/358/256 256/361/256 272/367/256
f 249/362/257 265/383/257 264/380/257
f 241/360/259 242/363/260 258/381/260
f 256/361/261 241/360/261 257/382/261
f 250/352/262 266/351/262 265/383/263
f 242/363/264 243/364/264 259/371/264
f 622/384/265 303/410/265 302/385/265
f 264/380/266 265/383/266 281/387/266
f 258/381/267 274/392/267 273/389/267
f 257/382/268 273/389/268 288/390/268
f 265/383/269 266/351/269 282/391/269
f 259/371/270 275/394/270 274/392/270
f 266/351/271 267/372/271 283/393/271
f 260/370/272 276/396/272 275/394/272
f 267/372/273 268/374/273 284/395/273
f 261/373/274 277/399/274 276/396/274
f 268/374/275 269/376/275 285/397/275
f 261/373/276 262/377/276 278/398/276
f 270/375/277 286/401/277 285/397/277
f 262/377/278 263/379/278 279/400/278
f 271/369/279 287/368/279 286/401/279
f 263/379/280 264/732/280 280/402/280
f 602/403/281 293/434/281 292/404/281
f 608/406/282 296/469/282 295/407/282
f 624/409/284 304/420/284 303/410/284
f 610/411/286 297/418/286 296/412/286
f 628/414/287 322/516/287 321/415/287
f 612/417/289 298/424/289 297/418/289
f 593/419/290 289/456/290 304/420/290
f 273/389/291 274/392/291 595/421/291
f 614/423/292 299/428/292 298/424/292
f 275/394/293 276/396/293 599/425/293
f 616/427/294 300/432/294 299/428/294
f 598/429/295 600/405/295 292/404/295
f 618/431/296 301/435/296 300/432/296
f 604/433/297 294/436/297 293/434/297
f 620/386/298 302/385/298 301/435/298
f 606/408/299 295/407/299 294/436/299
f 297/418/300 313/458/300 312/437/300
f 284/395/301 615/440/301 613/438/301
f 276/396/302 277/399/303 601/439/303
f 285/397/304 617/442/304 615/440/304
f 278/398/305 603/443/305 601/439/306
f 285/397/307 286/401/307 619/441/307
f 279/400/308 605/445/308 603/443/308
f 286/401/309 287/368/309 621/444/309
f 280/402/310 607/726/310 605/445/310
f 287/368/311 288/390/311 623/446/311
f 281/387/312 609/450/312 607/447/312
f 288/390/313 273/389/313 594/422/313
f 596/448/314 598/429/314 291/430/314
f 282/391/315 611/451/315 609/450/315
f 274/392/316 275/394/316 597/426/316
f 283/393/317 613/438/317 611/451/317
f 654/452/318 335/479/318 334/453/319
f 290/449/320 306/459/320 305/455/320
f 289/456/321 305/455/321 320/457/321
f 298/424/322 314/460/322 313/458/322
f 291/430/323 307/461/323 306/459/323
f 299/428/324 315/462/324 314/460/324
f 292/404/325 308/463/325 307/461/325
f 300/432/326 316/464/326 315/462/326
f 293/434/327 309/465/327 308/463/327
f 301/435/328 317/466/328 316/464/328
f 294/436/329 310/467/329 309/465/329
f 302/385/330 318/468/330 317/466/330
f 295/407/331 311/470/331 310/467/331
f 303/410/332 319/471/332 318/468/332
f 296/469/333 312/512/333 311/470/333
f 304/420/334 320/457/334 319/471/334
f 634/472/335 325/500/335 324/473/335
f 640/475/336 328/536/336 327/476/337
f 656/478/338 336/488/338 335/479/339
f 642/480/340 329/487/340 328/481/341
f 660/483/342 354/567/342 353/484/342
f 644/486/343 330/491/343 329/487/344
f 656/478/345 625/416/779 321/415/345
f 306/459/346 627/518/346 626/489/346
f 646/490/347 331/494/347 330/491/348
f 308/463/350 631/506/350 629/492/350
f 648/493/351 332/498/351 331/494/352
f 630/495/353 632/474/354 324/473/354
f 648/493/355 650/501/356 333/497/356
f 636/499/357 326/502/357 325/500/357
f 652/454/359 334/453/359 333/497/360
f 638/477/361 327/476/361 326/502/361
f 329/487/362 345/525/362 344/503/362
f 316/464/363 647/507/363 645/504/363
f 308/463/364 309/465/364 633/505/364
f 317/466/365 649/508/365 647/507/365
f 310/467/366 635/510/366 633/505/366
f 318/468/367 651/511/367 649/508/367
f 310/467/368 311/470/368 637/509/368
f 319/471/369 653/513/369 651/511/369
f 312/512/370 639/727/370 637/509/370
f 320/457/371 655/515/371 653/513/371
f 313/458/372 641/517/372 639/514/372
f 305/455/373 626/489/373 655/515/373
f 630/495/374 323/496/374 322/516/375
f 314/460/376 643/519/376 641/517/376
f 306/459/377 307/461/377 629/492/377
f 315/462/378 645/504/378 643/519/378
f 686/520/379 367/546/379 366/521/380
f 322/516/381 338/526/381 337/523/381
f 321/415/382 337/523/382 352/524/382
f 330/491/383 346/527/383 345/525/383
f 323/496/384 339/529/384 338/526/384
f 331/494/385 347/530/385 346/527/385
f 323/496/386 324/473/386 340/528/386
f 332/498/387 348/531/387 347/530/387
f 325/500/388 341/532/388 340/528/388
f 333/497/389 349/533/389 348/531/389
f 326/502/390 342/534/390 341/532/390
f 334/453/391 350/535/391 349/533/391
f 327/476/392 343/537/392 342/534/392
f 335/479/393 351/538/393 350/535/393
f 328/536/394 344/575/394 343/537/394
f 336/488/395 352/524/395 351/538/395
f 680/539/396 682/565/396 365/540/396
f 672/542/397 360/598/397 359/543/398
f 686/520/399 688/552/399 368/545/399
f 674/547/400 361/551/400 360/548/400
f 676/550/401 362/555/401 361/551/401
f 657/485/402 353/484/402 368/545/402
f 338/526/403 659/581/403 658/553/403
f 678/554/404 363/562/404 362/555/405
f 664/556/406 356/561/406 355/557/406
f 348/531/407 679/570/780 677/559/407
f 666/560/408 357/564/408 356/561/408
f 678/554/409 680/539/410 364/541/410
f 668/563/411 358/566/411 357/564/411
f 684/522/412 366/521/412 365/540/412
f 670/544/413 359/543/413 358/566/414
f 354/567/415 370/591/415 369/568/415
f 341/532/416 665/571/416 663/569/416
f 349/533/417 681/572/417 679/570/417
f 342/534/419 667/573/781 665/571/419
f 350/535/420 683/574/782 681/572/420
f 343/537/421 669/576/421 667/573/421
f 351/538/423 685/577/423 683/574/423
f 344/575/425 671/728/425 669/576/425
f 352/524/426 687/579/426 685/577/426
f 345/525/427 673/580/427 671/578/427
f 337/523/428 658/553/428 687/579/428
f 662/558/429 355/557/429 354/567/429
f 346/527/430 675/582/430 673/580/430
f 339/529/431 661/583/431 659/581/431
f 347/530/432 677/559/432 675/582/432
f 340/528/433 663/569/783 661/583/433
f 374/584/434 375/599/434 391/585/435
f 353/484/437 369/568/437 384/587/437
f 361/551/438 362/555/438 378/588/438
f 354/567/439 355/557/439 371/590/439
f 363/562/440 379/592/440 378/588/440
f 356/561/441 372/593/441 371/590/441
f 364/541/442 380/594/442 379/592/442
f 357/564/443 373/595/443 372/593/443
f 365/540/444 381/596/444 380/594/444
f 358/566/445 374/584/445 373/595/445
f 366/521/446 382/597/446 381/596/446
f 359/543/447 375/599/447 374/584/447
f 367/546/448 383/600/448 382/597/448
f 360/598/449 376/606/449 375/599/449
f 367/546/450 368/545/450 384/587/450
f 361/551/451 377/589/451 376/601/451
f 396/602/452 412/622/453 411/603/453
f 383/600/454 399/607/455 398/605/455
f 376/606/456 392/627/457 391/585/457
f 384/587/458 400/611/459 399/607/459
f 377/589/460 393/612/495 392/608/461
f 369/568/462 370/591/462 386/609/463
f 369/568/464 385/610/465 400/611/465
f 378/588/466 394/613/499 393/612/467
f 371/590/468 387/614/469 386/609/469
f 379/592/470 395/604/471 394/613/471
f 372/593/472 388/615/473 387/614/473
f 380/594/474 396/602/452 395/604/452
f 373/595/475 389/616/476 388/615/476
f 381/596/477 397/617/486 396/602/478
f 374/584/479 390/586/480 389/616/480
f 382/597/481 398/605/489 397/617/482
f 401/618/483 402/632/511 418/619/484
f 389/616/476 405/623/485 404/621/485
f 397/617/486 413/624/487 412/622/487
f 390/586/480 406/625/488 405/623/488
f 398/605/489 414/626/490 413/624/490
f 391/585/435 407/628/491 406/625/491
f 399/607/455 415/630/492 414/626/492
f 392/627/457 408/651/493 407/628/493
f 399/607/459 400/611/459 416/629/494
f 393/612/495 409/633/496 408/631/496
f 385/610/463 386/609/463 402/632/497
f 385/610/465 401/618/498 416/629/498
f 394/613/499 410/635/500 409/633/500
f 386/609/469 387/614/469 403/634/501
f 395/604/471 411/603/502 410/635/502
f 388/615/473 404/621/503 403/634/503
f 432/638/506 417/733/483 418/734/484
f 418/734/484 419/735/512 420/736/519
f 420/736/519 421/737/523 422/738/527
f 422/738/527 423/739/526 424/636/504
f 424/636/504 425/740/509 426/741/514
f 426/741/514 427/742/517 428/637/505
f 428/637/505 429/743/525 430/744/529
f 430/744/529 431/745/532 432/638/506
f 432/638/506 418/734/484 420/736/519
f 420/736/519 422/738/527 424/636/504
f 424/636/504 426/741/514 428/637/505
f 428/637/505 430/744/529 432/638/506
f 432/638/506 420/736/519 424/636/504
f 401/618/483 417/620/483 432/639/506
f 410/635/508 426/642/514 425/640/509
f 402/632/511 403/634/516 419/641/512
f 411/603/513 427/644/517 426/642/514
f 404/621/515 420/645/519 419/641/512
f 411/603/513 412/622/521 428/643/505
f 405/623/518 421/646/523 420/645/519
f 413/624/520 429/647/525 428/643/505
f 406/625/522 422/649/527 421/646/523
f 414/626/524 430/650/529 429/647/525
f 406/625/522 407/628/531 423/648/526
f 415/630/528 431/652/532 430/650/529
f 408/651/530 424/746/504 423/648/526
f 415/630/528 416/629/507 432/639/506
f 409/633/510 425/640/509 424/653/504
f 434/131/533 437/130/534 439/654/534
f 436/655/535 439/654/536 440/656/536
f 440/656/537 438/106/537 433/128/538
f 437/130/539 441/139/540 443/658/540
f 439/654/541 443/658/542 444/659/542
f 444/659/543 442/104/784 438/106/544
f 441/139/545 445/141/546 447/660/546
f 443/658/547 447/660/547 448/661/547
f 448/661/548 446/134/548 442/104/549
f 445/141/550 449/143/550 451/662/550
f 447/660/551 451/662/552 452/663/552
f 452/663/553 450/107/553 446/134/554
f 453/147/555 455/664/555 451/662/555
f 455/664/556 456/666/556 452/663/557
f 452/663/558 456/666/559 454/112/559
f 457/150/560 459/665/560 455/664/561
f 459/665/562 460/669/785 456/666/562
f 456/666/563 460/669/564 458/116/564
f 461/667/565 463/668/565 459/665/566
f 463/668/567 464/747/567 460/669/568
f 460/669/569 464/747/570 462/670/570
f 465/138/571 467/672/571 463/671/572
f 467/672/573 468/675/786 464/673/574
f 464/673/575 468/675/576 466/126/576
f 469/140/577 471/674/577 467/672/578
f 471/674/579 472/677/579 468/675/580
f 468/675/581 472/677/582 470/132/582
f 473/142/583 475/676/583 471/674/584
f 475/676/585 476/679/585 472/677/586
f 472/677/587 476/679/588 474/136/588
f 477/144/589 479/678/589 475/676/589
f 479/678/590 480/681/590 476/679/591
f 476/679/592 480/681/593 478/85/593
f 481/146/594 483/680/594 479/678/595
f 483/680/596 484/684/596 480/681/596
f 480/681/597 484/684/597 482/111/597
f 481/146/598 485/145/787 487/682/598
f 483/680/599 487/682/599 488/683/599
f 488/683/600 486/110/600 482/111/600
f 485/145/601 489/148/601 491/685/601
f 487/682/602 491/685/603 492/686/603
f 492/686/604 490/114/604 486/110/605
f 489/148/607 493/151/608 495/687/608
f 491/685/609 495/687/610 496/688/610
f 496/688/611 494/118/611 490/114/612
f 493/151/613 434/131/614 436/655/614
f 495/687/615 436/655/616 435/657/616
f 435/657/617 433/128/617 494/118/618
f 498/173/619 501/216/619 503/689/619
f 500/690/620 503/689/620 504/691/620
f 504/691/621 502/123/621 497/125/621
f 501/216/622 505/190/622 507/693/622
f 507/693/623 508/694/788 504/691/624
f 508/694/625 506/178/625 502/123/625
f 509/195/626 511/695/626 507/693/626
f 511/695/627 512/697/627 508/694/628
f 508/694/629 512/697/629 510/183/629
f 513/194/630 515/696/630 511/695/630
f 515/696/631 516/698/631 512/697/631
f 516/698/632 514/182/632 510/183/632
f 517/203/633 519/699/633 515/696/633
f 519/699/634 520/700/634 516/698/634
f 520/700/635 518/155/635 514/182/635
f 517/203/636 521/202/636 523/701/636
f 523/701/637 524/702/637 520/700/637
f 524/702/638 522/153/638 518/155/638
f 525/703/639 527/704/639 523/701/639
f 527/704/640 528/705/640 524/702/640
f 528/705/641 526/730/641 522/153/641
f 529/215/642 531/707/642 527/706/642
f 531/707/643 532/709/789 528/708/643
f 532/709/644 530/166/644 526/168/644
f 533/177/645 535/711/645 531/707/645
f 531/707/646 535/711/646 536/710/646
f 536/710/648 534/169/648 530/166/649
f 537/176/650 539/714/650 535/711/650
f 535/711/651 539/714/651 540/712/651
f 540/712/652 538/158/652 534/169/652
f 537/176/653 541/197/653 543/713/653
f 543/713/654 544/716/654 540/712/654
f 540/712/655 544/716/655 542/156/655
f 545/201/656 547/715/656 543/713/656
f 547/715/657 548/718/657 544/716/657
f 544/716/658 548/718/658 546/184/658
f 545/201/659 549/205/659 551/717/659
f 551/717/660 552/719/660 548/718/660
f 552/719/661 550/159/661 546/184/661
f 553/209/662 555/720/662 551/717/662
f 555/720/663 556/722/663 552/719/663
f 552/719/664 556/722/664 554/164/664
f 557/213/665 559/721/665 555/720/665
f 559/721/666 560/723/666 556/722/666
f 560/723/667 558/171/667 554/164/667
f 498/173/668 500/690/668 559/721/668
f 500/690/669 499/692/669 560/723/669
f 499/692/670 497/125/670 558/171/671
f 438/106/672 98/105/672 97/724/672
f 563/298/673 564/297/673 561/265/674
f 565/282/675 566/269/675 564/297/675
f 567/285/677 568/274/677 566/269/677
f 569/284/678 570/273/678 568/274/678
f 571/288/679 572/280/679 570/273/679
f 573/291/680 574/255/680 572/280/680
f 575/725/681 576/731/681 574/255/681
f 577/294/682 578/260/682 576/262/682
f 579/268/683 580/263/683 578/260/683
f 581/283/684 582/254/684 580/263/684
f 583/287/685 584/252/790 582/254/685
f 585/286/686 586/279/686 584/252/687
f 587/289/688 588/235/688 586/279/689
f 589/293/690 590/233/690 588/235/690
f 591/292/692 592/258/692 590/233/692
f 562/267/693 561/265/693 592/258/694
f 564/297/695 178/296/695 177/304/695
f 594/422/696 595/421/791 596/448/697
f 595/421/698 597/426/699 598/429/699
f 597/426/700 599/425/701 600/405/701
f 599/425/702 601/439/703 602/403/703
f 603/443/704 604/433/704 602/403/705
f 605/445/706 606/408/706 604/433/707
f 607/726/708 608/406/708 606/408/709
f 609/450/710 610/411/710 608/413/711
f 611/451/713 612/417/713 610/411/714
f 613/438/715 614/423/715 612/417/716
f 615/440/717 616/427/717 614/423/718
f 617/442/719 618/431/719 616/427/720
f 617/442/721 619/441/722 620/386/722
f 619/441/723 621/444/724 622/384/724
f 621/444/725 623/446/726 624/409/726
f 623/446/727 594/422/728 593/419/728
f 627/518/729 628/414/729 625/416/729
f 627/518/730 629/492/731 630/495/731
f 629/492/732 631/506/732 632/474/732
f 631/506/733 633/505/734 634/472/734
f 633/505/735 635/510/736 636/499/736
f 637/509/737 638/477/737 636/499/737
f 639/727/738 640/475/738 638/477/739
f 641/517/740 642/480/740 640/482/740
f 641/517/741 643/519/741 644/486/741
f 645/504/742 646/490/742 644/486/743
f 645/504/744 647/507/745 648/493/745
f 649/508/746 650/501/746 648/493/746
f 651/511/747 652/454/747 650/501/747
f 651/511/748 653/513/749 654/452/749
f 655/515/750 656/478/750 654/452/751
f 655/515/752 626/489/752 625/416/752
f 659/581/753 660/483/753 657/485/753
f 659/581/754 661/583/754 662/558/754
f 663/569/755 664/556/755 662/558/755
f 665/571/756 666/560/756 664/556/756
f 667/573/757 668/563/757 666/560/757
f 667/573/758 669/576/758 670/544/758
f 671/728/759 672/542/759 670/544/759
f 673/580/760 674/547/760 672/549/760
f 675/582/761 676/550/761 674/547/761
f 677/559/762 678/554/762 676/550/763
f 679/570/764 680/539/764 678/554/765
f 681/572/766 682/565/766 680/539/767
f 681/572/768 683/574/768 684/522/768
f 685/577/769 686/520/769 684/522/769
f 687/579/770 688/552/770 686/520/770
f 658/553/771 657/485/771 688/552/771
f 596/448/772 290/449/772 289/456/772
o Cap
v -0.006638 0.013895 0.105445
v -0.006638 0.013895 0.116185
v -0.001320 0.012837 0.105445
v -0.001320 0.012837 0.116185
v 0.003188 0.009825 0.105445
v 0.003188 0.009825 0.116185
v 0.006200 0.005317 0.105445
v 0.006200 0.005317 0.116185
v 0.007257 -0.000000 0.105445
v 0.007257 -0.000000 0.116185
v 0.006200 -0.005317 0.105445
v 0.006200 -0.005317 0.116185
v 0.003188 -0.009825 0.105445
v 0.003188 -0.009825 0.116185
v -0.001320 -0.012837 0.105445
v -0.001320 -0.012837 0.116185
v -0.006638 -0.013895 0.105445
v -0.006638 -0.013895 0.116185
v -0.011955 -0.012837 0.105445
v -0.011955 -0.012837 0.116185
v -0.016463 -0.009825 0.105445
v -0.016463 -0.009825 0.116185
v -0.019475 -0.005317 0.105445
v -0.019475 -0.005317 0.116185
v -0.020533 -0.000000 0.105445
v -0.020533 -0.000000 0.116185
v -0.019475 0.005317 0.105445
v -0.019475 0.005317 0.116185
v -0.016463 0.009825 0.105445
v -0.016463 0.009825 0.116185
v -0.011955 0.012837 0.105445
v -0.011955 0.012837 0.116185
v -0.006638 0.014340 0.104157
v -0.001150 0.013248 0.104157
v 0.003502 0.010140 0.104157
v 0.006611 0.005488 0.104157
v 0.007702 -0.000000 0.104157
v 0.006611 -0.005488 0.104157
v 0.003502 -0.010140 0.104157
v -0.001150 -0.013248 0.104157
v -0.006638 -0.014340 0.104157
v -0.012125 -0.013248 0.104157
v -0.016778 -0.010140 0.104157
v -0.019886 -0.005488 0.104157
v -0.020978 -0.000000 0.104157
v -0.019886 0.005488 0.104157
v -0.016778 0.010140 0.104157
v -0.012125 0.013248 0.104157
v -0.006638 0.012297 0.103175
v -0.001932 0.011361 0.103175
v 0.002057 0.008695 0.103175
v 0.004723 0.004706 0.103175
v 0.005659 -0.000000 0.103175
v 0.004723 -0.004706 0.103175
v 0.002057 -0.008695 0.103175
v -0.001932 -0.011361 0.103175
v -0.006638 -0.012297 0.103175
v -0.011344 -0.011361 0.103175
v -0.015333 -0.008695 0.103175
v -0.017998 -0.004706 0.103175
v -0.018934 -0.000000 0.103175
v -0.017998 0.004706 0.103175
v -0.015333 0.008695 0.103175
v -0.011344 0.011361 0.103175
vn 0.1951 0.9808 -0.0000
vn 0.5556 0.8315 -0.0000
vn 0.8315 0.5556 -0.0000
vn 0.9808 0.1951 -0.0000
vn 0.9808 -0.1951 -0.0000
vn 0.8315 -0.5556 -0.0000
vn 0.5556 -0.8315 -0.0000
vn 0.1951 -0.9808 -0.0000
vn -0.1951 -0.9808 -0.0000
vn -0.5556 -0.8315 -0.0000
vn -0.8315 -0.5556 -0.0000
vn -0.9808 -0.1951 -0.0000
vn -0.9808 0.1951 -0.0000
vn -0.8315 0.5556 -0.0000
vn -0.0000 -0.0000 1.0000
vn -0.5556 0.8315 -0.0000
vn -0.1951 0.9808 -0.0000
vn -0.5262 -0.7875 0.3208
vn -0.5262 -0.7875 0.3209
vn -0.3657 -0.2443 -0.8981
vn -0.5262 0.7875 0.3209
vn 0.7875 0.5262 0.3209
vn 0.1848 -0.9289 0.3209
vn 0.1848 0.9289 0.3209
vn -0.9289 0.1848 0.3209
vn 0.7875 -0.5262 0.3209
vn -0.7875 -0.5262 0.3209
vn -0.1848 0.9289 0.3209
vn 0.9289 0.1848 0.3209
vn -0.1848 -0.9289 0.3209
vn -0.7875 0.5262 0.3209
vn 0.5262 0.7875 0.3209
vn 0.5262 -0.7875 0.3209
vn -0.9289 -0.1848 0.3209
vn 0.9289 -0.1848 0.3209
vn 0.4313 0.0858 -0.8981
vn -0.4313 -0.0858 -0.8981
vn 0.4313 -0.0858 -0.8981
vn -0.4313 0.0858 -0.8981
vn 0.3657 -0.2443 -0.8981
vn -0.3657 0.2443 -0.8981
vn 0.2443 -0.3657 -0.8981
vn -0.2443 0.3657 -0.8981
vn 0.0858 -0.4313 -0.8981
vn 0.0858 0.4313 -0.8981
vn -0.0858 0.4313 -0.8981
vn -0.0858 -0.4313 -0.8981
vn 0.2443 0.3657 -0.8981
vn -0.2443 -0.3657 -0.8981
vn 0.3657 0.2443 -0.8981
vn 0.7875 0.5262 0.3208
vt 0.485699 0.516492
vt 0.730859 0.688584
vt 0.644611 0.765642
vt 0.488002 0.517896
vt 0.781577 0.583876
vt 0.490714 0.518312
vt 0.789935 0.466953
vt 0.493429 0.517744
vt 0.751800 0.354846
vt 0.495722 0.516211
vt 0.673527 0.264120
vt 0.497273 0.513936
vt 0.565080 0.210618
vt 0.497872 0.511238
vt 0.443901 0.206438
vt 0.497422 0.508506
vt 0.331689 0.250066
vt 0.495903 0.506161
vt 0.243331 0.330599
vt 0.493551 0.504615
vt 0.195132 0.439156
vt 0.490717 0.504119
vt 0.191068 0.556700
vt 0.487930 0.504614
vt 0.230752 0.668258
vt 0.485590 0.506182
vt 0.311293 0.756039
vt 0.484058 0.508561
vt 0.419230 0.804700
vt 0.483559 0.511393
vt 0.536534 0.808558
vt 0.484141 0.514312
vt 0.114122 0.419355
vt 0.175300 0.282444
vt 0.000099 0.582959
vt 0.004603 0.394475
vt 0.402590 0.886569
vt 0.861302 0.603820
vt 0.430311 0.120860
vt 0.688514 0.835452
vt 0.158662 0.713317
vt 0.725004 0.195125
vt 0.551123 0.888741
vt 0.873263 0.454680
vt 0.285324 0.176889
vt 0.263406 0.826273
vt 0.797541 0.737222
vt 0.586164 0.128262
vt 0.106117 0.569706
vt 0.823977 0.311817
vt 0.980208 0.441497
vt 0.047133 0.780316
vt 0.932850 0.249524
vt 0.619148 0.000099
vt 0.793668 0.107687
vt 0.195529 0.925544
vt 0.572109 0.999472
vt 0.379278 0.999901
vt 0.408497 0.000099
vt 0.747154 0.927883
vt 0.220892 0.077553
vt 0.878867 0.800422
vt 0.080399 0.216709
vt 0.979094 0.635561
s 1
usemtl Cap.001
f 690/748/792 691/749/792 689/750/792
f 692/751/793 693/752/793 691/749/793
f 694/753/794 695/754/794 693/752/794
f 696/755/795 697/756/795 695/754/795
f 698/757/796 699/758/796 697/756/796
f 700/759/797 701/760/797 699/758/797
f 702/761/798 703/762/798 701/760/798
f 704/763/799 705/764/799 703/762/799
f 706/765/800 707/766/800 705/764/800
f 708/767/801 709/768/801 707/766/801
f 710/769/802 711/770/802 709/768/802
f 712/771/803 713/772/803 711/770/803
f 714/773/804 715/774/804 713/772/804
f 716/775/805 717/776/805 715/774/805
f 710/769/806 702/761/806 694/753/806
f 718/777/807 719/778/807 717/776/807
f 720/779/808 689/750/808 719/778/808
f 707/766/809 731/780/810 730/781/809
f 731/780/811 748/782/811 747/783/811
f 719/778/812 735/784/812 717/776/812
f 695/754/813 723/785/813 693/752/813
f 705/764/814 728/786/814 703/762/814
f 691/749/815 721/787/815 689/750/815
f 715/774/816 733/788/816 713/772/816
f 701/760/817 726/789/817 699/758/817
f 711/770/818 731/780/818 709/768/818
f 689/750/819 736/790/819 719/778/819
f 697/756/820 724/791/820 695/754/820
f 707/766/821 729/792/821 705/764/821
f 717/776/822 734/793/822 715/774/822
f 693/752/823 722/794/823 691/749/823
f 703/762/824 727/795/824 701/760/824
f 713/772/825 732/796/825 711/770/825
f 699/758/826 725/797/826 697/756/826
f 725/797/827 740/798/827 724/791/827
f 732/796/828 749/799/828 748/782/828
f 726/789/829 741/800/829 725/797/829
f 734/793/830 749/799/830 733/788/830
f 726/789/831 743/801/831 742/802/831
f 735/784/832 750/803/832 734/793/832
f 728/786/833 743/801/833 727/795/833
f 735/784/834 752/804/834 751/805/834
f 729/792/835 744/806/835 728/786/835
f 722/794/836 737/807/836 721/787/836
f 721/787/837 752/804/837 736/790/837
f 730/781/838 745/808/838 729/792/838
f 723/785/839 738/809/839 722/794/839
f 731/780/840 746/810/840 730/781/840
f 724/791/841 739/811/841 723/785/841
f 690/748/792 692/751/792 691/749/792
f 692/751/793 694/753/793 693/752/793
f 694/753/794 696/755/794 695/754/794
f 696/755/795 698/757/795 697/756/795
f 698/757/796 700/759/796 699/758/796
f 700/759/797 702/761/797 701/760/797
f 702/761/798 704/763/798 703/762/798
f 704/763/799 706/765/799 705/764/799
f 706/765/800 708/767/800 707/766/800
f 708/767/801 710/769/801 709/768/801
f 710/769/802 712/771/802 711/770/802
f 712/771/803 714/773/803 713/772/803
f 714/773/804 716/775/804 715/774/804
f 716/775/805 718/777/805 717/776/805
f 694/753/806 692/751/806 690/748/806
f 690/748/806 720/779/806 718/777/806
f 718/777/806 716/775/806 714/773/806
f 714/773/806 712/771/806 710/769/806
f 710/769/806 708/767/806 706/765/806
f 706/765/806 704/763/806 702/761/806
f 702/761/806 700/759/806 698/757/806
f 698/757/806 696/755/806 694/753/806
f 694/753/806 690/748/806 718/777/806
f 718/777/806 714/773/806 710/769/806
f 710/769/806 706/765/806 702/761/806
f 702/761/806 698/757/806 694/753/806
f 694/753/806 718/777/806 710/769/806
f 718/777/807 720/779/807 719/778/807
f 720/779/808 690/748/808 689/750/808
f 707/766/809 709/768/810 731/780/810
f 731/780/811 732/796/811 748/782/811
f 719/778/812 736/790/812 735/784/812
f 695/754/813 724/791/842 723/785/813
f 705/764/814 729/792/814 728/786/814
f 691/749/815 722/794/815 721/787/815
f 715/774/816 734/793/816 733/788/816
f 701/760/817 727/795/817 726/789/817
f 711/770/818 732/796/818 731/780/818
f 689/750/819 721/787/819 736/790/819
f 697/756/820 725/797/820 724/791/820
f 707/766/821 730/781/821 729/792/821
f 717/776/822 735/784/822 734/793/822
f 693/752/823 723/785/823 722/794/823
f 703/762/824 728/786/824 727/795/824
f 713/772/825 733/788/825 732/796/825
f 699/758/826 726/789/826 725/797/826
f 725/797/827 741/800/827 740/798/827
f 732/796/828 733/788/828 749/799/828
f 726/789/829 742/802/829 741/800/829
f 734/793/830 750/803/830 749/799/830
f 726/789/831 727/795/831 743/801/831
f 735/784/832 751/805/832 750/803/832
f 728/786/833 744/806/833 743/801/833
f 735/784/834 736/790/834 752/804/834
f 729/792/835 745/808/835 744/806/835
f 722/794/836 738/809/836 737/807/836
f 721/787/837 737/807/837 752/804/837
f 730/781/838 746/810/838 745/808/838
f 723/785/839 739/811/839 738/809/839
f 731/780/840 747/783/840 746/810/840
f 724/791/841 740/798/841 739/811/841
o Wrap
v -0.006934 0.034016 0.049665
v 0.006083 0.031427 0.049665
v 0.017119 0.024053 0.049665
v 0.024492 0.013017 0.049665
v 0.027082 -0.000000 0.049665
v 0.024492 -0.013017 0.049665
v 0.017119 -0.024053 0.049665
v 0.006083 -0.031427 0.049665
v -0.006934 -0.034016 0.049665
v -0.019952 -0.031427 0.049665
v -0.030987 -0.024053 0.049665
v -0.038361 -0.013017 0.049665
v -0.040951 -0.000000 0.049665
v -0.038361 0.013017 0.049665
v -0.030987 0.024053 0.049665
v -0.019952 0.031427 0.049665
v -0.006934 0.034016 0.004265
v 0.006083 0.031427 0.004265
v 0.017119 0.024053 0.004265
v 0.024492 0.013017 0.004265
v 0.027082 -0.000000 0.004265
v 0.024492 -0.013017 0.004265
v 0.017119 -0.024053 0.004265
v 0.006083 -0.031427 0.004265
v -0.006934 -0.034016 0.004265
v -0.019952 -0.031427 0.004265
v -0.030987 -0.024053 0.004265
v -0.038361 -0.013017 0.004265
v -0.040951 -0.000000 0.004265
v -0.038361 0.013017 0.004265
v -0.030987 0.024053 0.004265
v -0.019952 0.031427 0.004265
vn -0.5556 0.8315 -0.0000
vn 0.1951 -0.9808 -0.0000
vn 0.1951 0.9808 -0.0000
vn -0.1951 0.9808 -0.0000
vn -0.1951 -0.9808 -0.0000
vn 0.5556 0.8315 -0.0000
vn -0.5556 -0.8315 -0.0000
vn 0.8315 0.5556 -0.0000
vn -0.8315 -0.5556 -0.0000
vn 0.9808 0.1951 -0.0000
vn -0.9808 -0.1951 -0.0000
vn 0.9808 -0.1951 -0.0000
vn -0.9808 0.1951 -0.0000
vn 0.8315 -0.5556 -0.0000
vn -0.8315 0.5556 -0.0000
vn 0.5556 -0.8315 -0.0000
vt 0.497581 0.514742
vt 0.077265 0.217557
vt 0.494049 0.512477
vt 0.501327 0.494237
vt 0.991849 0.606103
vt 0.505383 0.495226
vt 0.504965 0.514462
vt 0.000623 0.601859
vt 0.501249 0.515333
vt 0.000100 0.402320
vt 0.934835 0.222506
vt 0.992530 0.411009
vt 0.508180 0.512193
vt 0.077114 0.785133
vt 0.494295 0.497888
vt 0.497692 0.495838
vt 0.510517 0.508933
vt 0.217137 0.924574
vt 0.491944 0.501124
vt 0.792556 0.078910
vt 0.511452 0.505048
vt 0.399452 0.999900
vt 0.491040 0.505051
vt 0.606599 0.000930
vt 0.510827 0.501094
vt 0.596333 0.999900
vt 0.491764 0.509052
vt 0.405386 0.000100
vt 0.508713 0.497651
vt 0.777871 0.924857
vt 0.219538 0.076251
vt 0.916608 0.786526
s 1
usemtl Wrap.001
f 768/812/843 783/813/843 767/814/843
f 761/815/844 776/816/844 760/817/844
f 754/818/845 769/819/845 753/820/845
f 753/820/846 784/821/846 768/812/846
f 761/815/847 778/822/847 777/823/847
f 755/824/848 770/825/848 754/818/848
f 763/826/849 778/822/849 762/827/849
f 756/828/850 771/829/850 755/824/850
f 764/830/851 779/831/851 763/826/851
f 757/832/852 772/833/852 756/828/852
f 765/834/853 780/835/853 764/830/853
f 758/836/854 773/837/854 757/832/854
f 766/838/855 781/839/855 765/834/855
f 759/840/856 774/841/856 758/836/856
f 767/814/857 782/842/857 766/838/857
f 760/817/858 775/843/858 759/840/858
f 768/812/843 784/821/843 783/813/843
f 761/815/844 777/823/844 776/816/844
f 754/818/845 770/825/845 769/819/845
f 753/820/846 769/819/846 784/821/846
f 761/815/847 762/827/847 778/822/847
f 755/824/848 771/829/848 770/825/848
f 763/826/849 779/831/849 778/822/849
f 756/828/850 772/833/850 771/829/850
f 764/830/851 780/835/851 779/831/851
f 757/832/852 773/837/852 772/833/852
f 765/834/853 781/839/853 780/835/853
f 758/836/854 774/841/854 773/837/854
f 766/838/855 782/842/855 781/839/855
f 759/840/856 775/843/856 774/841/856
f 767/814/857 783/813/857 782/842/857
f 760/817/858 776/816/858 775/843/858
